Name,Name (Arabic),Description,Description (Arabic),Site Name,Type,Display Order
Amenhotep III and Queen Tiye,أمنحتب الثالث والملكة تي,"Overview
 This monolith group statue is the largest known dyad (double statue) ever carved. It depicts the 18th-Dynasty Egyptian Pharaoh Amenhotep III alongside his Great Royal Wife, Queen Tiye, and three of their daughters. Originally standing in the Pharaoh's mortuary temple in Western Thebes, it is now the breathtaking centerpiece of the main hall at the Egyptian Museum in Cairo.
 
 Physical Description & Symbolism
 Carved from a single massive block of limestone, the statue stands an impressive 7 meters high and 4.4 meters wide. The figures are distinctively styled with almond-shaped eyes and curved eyebrows typical of the late 18th dynasty.
 Amenhotep III is depicted in traditional royal attire, wearing the nemes headdress with a uraeus, a false beard, and a kilt. Uniquely, Queen Tiye is seated to his left at an equal height—a powerful testament to her prominent status. She wears a close-fitting dress and a heavy vulture headdress crowned with double cobras representing Upper and Lower Egypt. Her right arm rests affectionately around her husband's waist.
 
 The Royal Daughters
 The monument also features three smaller figures of the royal princesses:
 
 Princess Henuttaneb: Standing between her parents, depicted as a grown woman with a full wig and plumes.
 
 Princess Nebetah: Standing next to the Pharaoh (partially damaged). This is the only known statue depicting her.
 
 An Unnamed Princess: Standing next to Queen Tiye, whose identifying inscriptions have been lost to time.
 
 Historical Context
 Historians believe the statue was carved during the third decade of the king's reign, likely to commemorate his first ""Sed festival"" (royal jubilee). The high-quality limestone used may have been sourced from excavations for the nearby tomb of Kheruef, Queen Tiye’s steward.
 
 A Journey of Discovery and Restoration
 The original mortuary temple was built too close to the Nile's floodplain and fell into ruin within 200 years. The statue was discovered in fragments in the late 19th century and was meticulously moved to Cairo and reassembled for the museum's opening in 1902.
 Its restoration is an ongoing story. A missing limestone head belonging to Princess Nebetah was identified in a private collection in the 2000s, and an exact replica was attached to the statue. More recently, in 2011, rescue excavations for a new sewage system in Luxor unearthed six major missing fragments, including parts of the royal headdresses, limbs, and the statue's base. With these additions, this ancient masterpiece is now approximately 70% complete.","نبذة تاريخية
 يُعد هذا التمثال المنحوت من كتلة حجرية واحدة أكبر تمثال مزدوج (ثنائي) تم اكتشافه على الإطلاق. يصور التمثال الفرعون ""أمنحتب الثالث"" (من الأسرة الثامنة عشرة) بجوار زوجته الملكية العظيمة ""تي""، وثلاث من بناتهما. كان التمثال يزين في الأصل المعبد الجنائزي للفرعون في مدينة هابو بغرب طيبة، ولكنه يقف اليوم كقطعة أثرية مركزية تخطف الأنظار في القاعة الرئيسية للمتحف المصري بالقاهرة.
 
 الوصف المادي والرمزية
 التمثال مصنوع بالكامل من الحجر الجيري، ويتميز بضخامته حيث يبلغ ارتفاعه 7 أمتار وعرضه 4.4 متر. تتميز الوجوه بالعيون اللوزية والحواجب المقوسة التي ميزت أواخر الأسرة الثامنة عشرة.
 يظهر أمنحتب الثالث بزيه الملكي المكون من غطاء الرأس ""النمس"" وحية الكوبرا واللحية المستعارة. وفي مشهد يعكس قوة ونفوذ الملكة ""تي""، تجلس الملكة على يسار الفرعون وتساويه تماماً في الطول والحجم، وتلف ذراعها الأيمن حول خصر زوجها. ترتدي الملكة تاجاً معقداً يضم نسر الصعيد وحياتي كوبرا تمثلان مصر العليا والسفلى.
 
 أميرات العائلة الملكية
 يضم التمثال ثلاث شخصيات أصغر حجماً تمثل بنات الزوجين الملكيين:
 
 الأميرة حنوت تانِب: تقف كشابة بالغة في المنتصف بين والديها.
 
 الأميرة نبت آح: تقف بجوار والدها (وهو التمثال الوحيد المعروف الذي يصور هذه الأميرة).
 
 أميرة غير معروفة: تقف بجوار الملكة تي، وقد فُقد اسمها بمرور الزمن بسبب تلف التمثال.
 
 السياق الزمني
 يُرجح علماء الآثار أن التمثال نُحت في العقد الثالث من حكم الملك، وتحديداً تزامناً مع احتفاله بـ ""عيد السد"" (اليوبيل الملكي الأول). ويُعتقد أن الحجر الجيري عالي الجودة المستخدم في النحت تم استخراجه أثناء حفر مقبرة ""خرويف""، المشرف على شئون الملكة تي.
 
 رحلة الاكتشاف والترميم
 نظراً لبناء المعبد الجنائزي الأصلي بالقرب من السهول الفيضية للنيل، تعرض للدمار بعد أقل من 200 عام. وفي أواخر القرن التاسع عشر، عُثر على التمثال محطماً إلى أجزاء، وتم نقله وتجميعه في القاهرة استعداداً لافتتاح المتحف المصري عام 1902.
 لم تتوقف قصة ترميم التمثال هنا؛ ففي العقد الأول من الألفية، تم التعرف على الرأس المفقودة للأميرة ""نبت آح"" ضمن مجموعة مقتنيات خاصة، وتم صنع نسخة مطابقة وتركيبها. وفي عام 2011، وأثناء حفريات لتركيب شبكة صرف صحي في الأقصر، تم اكتشاف ستة أجزاء ضخمة مفقودة من التمثال (شملت أجزاء من التيجان والأطراف والقاعدة). وبفضل هذه الاكتشافات الحديثة، استعاد هذا الأثر العظيم حوالي 70% من هيكله الأصلي.",The Egyptian Museum,Statue,0
Amun and Mut,آمون وموت,"Discovery and Restoration
 This colossal dyad was discovered in the colonnade of King Thutmose I, located between the fourth and fifth pylons at the Great Temple of Amun in Karnak. It was originally found in fragments and was meticulously reassembled during 1998 and 1999.
 
 Physical Description and Attire
 The monument represents the god Amun and his consort, the goddess Mut. The goddess sits to Amun’s right, affectionately embracing him with her left arm, while Amun’s left hand grasps an ankh sign, symbolizing life. Amun is depicted wearing a broad collar, an elaborate corselet, and a pleated kilt. The double feathered crown that once sat atop his head is mostly lost to time. Mut is beautifully adorned in a double crown, a tripartite wig featuring a uraeus snake, a vulture headdress, and a detailed feathered dress with two straps.
 
 Historical Significance and Hidden Identity
 The texts engraved on the throne and the base of the statue explicitly name King Horemheb of the 18th Dynasty. Interestingly, the facial features of the divine couple do not just represent the gods; they intentionally reflect the real-life features of King Horemheb and his wife, Queen Mutnedjmet.","الاكتشاف والترميم
 اكتُشف هذا التمثال المزدوج الضخم في صالة أعمدة الملك تحتمس الأول، وتحديداً بين الصرحين الرابع والخامس في معبد الكرنك العظيم. وقد عُثر عليه محطماً إلى عدة قطع، وتم تجميعه وترميمه بنجاح بين عامي 1998 و1999.
 
 الوصف الفني والملابس
 يصور التمثال الإله ""آمون"" وزوجته المعبودة ""موت"". تجلس المعبودة على يمين آمون وتعانقه بذراعها الأيسر، بينما يمسك آمون بيده اليسرى علامة ""عنخ"" (رمز الحياة). يظهر آمون مرتدياً قلادة عريضة، ودرعاً مزخرفاً، ونقبة ذات ثنيات، بينما فُقد معظم تاجه المكون من ريشتين مزدوجتين. في المقابل، تتألق ""موت"" بتاج مزدوج، وشعر مستعار ثلاثي الأجزاء مزين بحية الكوبرا، وغطاء رأس على شكل نسر، بالإضافة إلى فستان مزين بالريش ومزود بحمالتين.
 
 الأهمية التاريخية والسر الخفي
 تحمل النصوص المنقوشة على العرش وقاعدة التمثال اسم الملك ""حورمحب"" من الأسرة الثامنة عشرة. والمثير للاهتمام أن ملامح وجهي الزوجين الإلهيين ليست مجرد تصوير تقليدي للآلهة، بل تعكس بشكل واضح وملحوظ الملامح الحقيقية للملك حورمحب وزوجته الملكة ""موت نجمت"".",The Grand Egyptian Museum,Statue,1
Anubis Shrine,مقصورة أنوبيس,"Overview and Discovery
 Part of the exquisite burial equipment of the 18th-Dynasty Pharaoh Tutankhamun, the Anubis Shrine was discovered almost intact in 1922 by Howard Carter. It was found guarding the entrance to the Treasury, deliberately facing west—the direction of the afterlife in ancient Egyptian belief. Today, this iconic artifact is a prominent exhibit at the Egyptian Museum in Cairo.
 
 The Guardian Statue
 Resting majestically on the roof of the shrine is a life-sized statue of the god Anubis in the form of a recumbent jackal. Crafted from wood and painted pitch black, it features stunning details: gold leaf adorning the ears, eyebrows, and collar, solid silver claws, and striking inlaid eyes made of calcite and obsidian. When first discovered, the jackal was wrapped in a linen shirt dating back to Pharaoh Akhenaten, decorated with delicate floral collars of blue lotus, and held an ivory writing palette between its front paws.
 
 The Golden Shrine
 The trapezoidal base of the shrine is designed to resemble a monumental temple pylon. Made of wood covered with plaster and gold leaf, its sides are richly decorated with symbols of endurance and life, including the djed pillars of Osiris and the tyet knots of Isis. Inside, the shrine housed ritual objects, amulets, and a large compartment originally meant for jewelry, which had been disturbed by ancient tomb robbers.
 
 Procession and The Pharaoh's Curse
 Mounted on a sledge-shaped palanquin with carrying poles, the shrine was undoubtedly used in Tutankhamun's funerary procession before being placed to guard his canopic chest. Interestingly, a magical clay brick was found on the floor in front of it, inscribed with a protective spell to keep intruders away from the secret chamber. This specific inscription was misinterpreted and heavily sensationalized by the international press in the 1920s, giving birth to the famous legend of the ""Curse of the Pharaohs.""","نبذة عن الاكتشاف
 تُعد مقصورة أنوبيس من أبرز قطع الأثاث الجنائزي للفرعون الشاب ""توت عنخ آمون"" (الأسرة الثامنة عشرة)، والتي اكتشفها عالم الآثار ""هوارد كارتر"" شبه سليمة في عام 1922. عُثر على المقصورة وهي تقف شامخة لحراسة مدخل حجرة الخزانة، متجهة نحو الغرب وهو اتجاه العالم الآخر في العقيدة المصرية القديمة. وتُعرض هذه القطعة الأثرية الفريدة حالياً في المتحف المصري بالقاهرة.
 
 تمثال الحارس (أنوبيس)
 يعتلي سقف المقصورة تمثال مذهل للإله أنوبيس على هيئة حيوان ""ابن آوى"" الرابض. التمثال مصنوع من الخشب المطلي باللون الأسود القاتم، ويتزين بتفاصيل دقيقة من الذهب الخالص في الأذنين والحواجب والطوق، بالإضافة إلى مخالب من الفضة، وعيون تخطف الأنظار مطعمة بالكالسيت والزجاج البركاني (السبج). عند اكتشافه، كان التمثال مغطى بقميص من الكتان يعود لعهد الفرعون ""أخناتون""، ومزيناً بأطواق زهرية رقيقة من اللوتس الأزرق، وممسكاً بلوحة كتابة من العاج بين مخالبه الأمامية.
 
 المقصورة الذهبية
 تأخذ القاعدة الخشبية المذهبة للمقصورة شكلاً هندسياً يشبه بوابات المعابد الضخمة. وتتزين جوانبها بنقوش ورموز تعبر عن البقاء والحياة، مثل أعمدة ""جد"" المرتبطة بالإله أوزوريس، وعقدة ""تيت"" الخاصة بالمعبودة إيزيس. احتوت المقصورة من الداخل على أدوات طقسية وتمائم، إلى جانب قسم كبير مخصص للمجوهرات، والذي تبين أنه تعرض للعبث والنهب على يد لصوص المقابر في العصور القديمة.
 
 الموكب الجنائزي ولعنة الفراعنة
 بُنيت المقصورة على قاعدة تشبه الزلاجة ومزودة بأعمدة حمل، مما يؤكد استخدامها في الموكب الجنائزي لوداع الفرعون قبل وضعها لحراسة الأواني الكانوبية. والمثير للاهتمام أنه عُثر أمام المقصورة على ""طوبة سحرية"" من الطين تحمل تعويذة لحماية الحجرة السرية من المتسللين. هذه التعويذة تحديداً هي ما استغلته الصحافة العالمية آنذاك وقامت بتهويله، مما أدى إلى ولادة الأسطورة الشهيرة المعروفة باسم ""لعنة الفراعنة"".",The Grand Egyptian Museum,Shrine,2
The Colossal Head of Augustus (Octavius),الرأس الضخم للإمبراطور أغسطس (أوكتافيوس),"Overview and Imperial Legacy
 This colossal head is a monumental tribute to Octavius, famously known as Augustus, who shaped history as the first Roman Emperor reigning from 27 BC to 14 AD. Standing as a profound symbol of imperial power and legacy, the artifact holds immense historical and archaeological significance and continues to be a subject of dedicated research and study today.
 
 Artistic Details and Origins
 Carved masterfully from marble in 80 AD, the artifact is an exquisite copy of an earlier statue dating back to 27 AD. It originally belonged to a much larger colossal statue that was prominently displayed to decorate a significant public space in the ancient city of Athribis.
 
 Museum Journey
 The artifact has a notable modern history of exhibition across Egypt's prominent cultural institutions. It was temporarily housed and displayed at the Bibliotheca Alexandrina Antiquities Museum starting in 2007, before finally returning to its permanent home at the Graeco-Roman Museum in Alexandria on August 16, 2022.","نبذة عن الإرث الإمبراطوري
 يُعد هذا الرأس الضخم تكريماً أثرياً عظيماً لأوكتافيوس، المعروف تاريخياً باسم ""أغسطس""، والذي سطر اسمه كأول إمبراطور روماني حكم في الفترة من 27 قبل الميلاد وحتى 14 ميلادياً. يمثل هذا الأثر رمزاً مهيباً للنفوذ والإرث الإمبراطوري، ويحظى بأهمية تاريخية وأثرية بالغة تجعله محط اهتمام مستمر للبحث والدراسة حتى يومنا هذا.
 
 التفاصيل الفنية والنشأة
 نُحت هذا الرأس ببراعة من الرخام في عام 80 ميلادياً، وهو بمثابة نسخة دقيقة من تمثال أقدم يعود تاريخه إلى عام 27 ميلادياً. وكان هذا الرأس في الأصل جزءاً من تمثال ضخم يزين أحد الساحات أو الأماكن البارزة في مدينة ""أتريب"" (Athribis) الأثرية القديمة.
 
 رحلة العرض المتحفي
 يمتلك هذا الأثر رحلة عرض حديثة مميزة بين أروقة المؤسسات الثقافية المصرية؛ فقد استقر وعُرض مؤقتاً في متحف الآثار بمكتبة الإسكندرية منذ عام 2007، قبل أن يعود أخيراً ليستقر في مقره الدائم بالمتحف اليوناني الروماني في مدينة الإسكندرية بتاريخ 16 أغسطس 2022.",Greco-Roman Museum,Bust,3
The Colossal Head of Emperor Hadrian,الرأس الضخم للإمبراطور هادريان,"Subject and Historical Significance
 This striking colossal head depicts Emperor Hadrian, who ruled the Roman Empire from 117 to 138 AD. It stands as a powerful representation of the profound Roman cultural and architectural influence that spread across the ancient world during the 2nd century AD.
 
 Artistic Style
 Characteristic of the Roman Imperial period, the sculpture showcases a highly detailed and realistic likeness of the emperor. It prominently features his signature curly hair and bearded face, a stylistic choice that set a new trend among Roman rulers of that era.
 
 Renowned Collections
 Masterpieces of this specific style and historical value are highly prized globally. Similar sculptures of Emperor Hadrian are prominently housed and displayed in some of the world's most renowned collections, including the British Museum and the Graeco-Roman Museum in Alexandria.","الشخصية والأهمية التاريخية
 يصور هذا الرأس الضخم الإمبراطور ""هادريان""، الذي حكم الإمبراطورية الرومانية في الفترة من 117 إلى 138 ميلادياً. ويُعد هذا الأثر تجسيداً قوياً للتأثير الثقافي والمعماري الروماني الواسع الذي ساد العالم القديم خلال القرن الثاني الميلادي.
 
 الأسلوب الفني
 يعكس النحت السمات الفنية العريقة والمميزة لعصر الإمبراطورية الرومانية. ويبرز النحات الملامح الشخصية الدقيقة للإمبراطور، والتي يغلب عليها الشعر المجعد واللحية، وهو الأسلوب الذي أرسى من خلاله هادريان توجهاً جديداً لمظهر الحكام الرومان في ذلك العصر.
 
 أماكن العرض المماثلة
 تحظى هذه النوعية من المنحوتات بقيمة عالمية كبرى، حيث تحتضن المجموعات الفنية المرموقة قطعاً أثرية مشابهة وعالية القيمة للإمبراطور هادريان، وتُعرض أبرز هذه الأعمال في المتحف البريطاني، وكذلك في المتحف اليوناني الروماني بمدينة الإسكندرية.",Greco-Roman Museum,Bust,4
Bust of the God Serapis,تمثال نصفي للإله سرابيس,"Overview and Historical Context
 This striking marble bust depicts the Greco-Egyptian deity Serapis, a syncretic god who gained immense popularity during the Ptolemaic era in Alexandria. The deity was intentionally created to act as a cultural bridge connecting the Egyptian and Greek civilizations, harmoniously blending the attributes of the Egyptian gods Osiris and Apis with the majestic traits of the Greek gods Zeus and Hades.
 
 Iconography and Artistic Details
 The sculpture brilliantly captures the classic iconography of Serapis. He is elegantly depicted as a mature, powerful man with a thick beard and flowing hair. Traditionally, his depictions include a ""kalathos""—a basket symbolizing abundance and holy secrets—resting gracefully upon his head, emphasizing his divine authority and connection to the underworld and fertility.
 
 Museum Location
 This specific historical masterpiece is a prominent symbol of Alexandria's rich multicultural past and is proudly housed among the esteemed collections of the Graeco-Roman Museum in Alexandria.","نبذة تاريخية والنشأة
 يصور هذا التمثال النصفي الرخامي الرائع المعبود اليوناني المصري ""سرابيس""، وهو إله توفيقي برزت عبادته واكتسبت شهرة واسعة خلال العصر البطلمي في الإسكندرية. تم ابتكار عبادة هذا الإله خصيصاً ليكون جسراً ثقافياً يربط بين الحضارتين المصرية واليونانية، حيث يجمع ببراعة بين صفات الآلهة المصرية مثل ""أوزوريس"" و""العجل آبيس"" مع جلال وهيبة الآلهة اليونانية مثل ""زيوس"" و""هاديس"".
 
 الرمزية والتفاصيل الفنية
 يعكس التمثال السمات الفنية الكلاسيكية والمميزة للإله سرابيس. حيث يظهر في هيئة رجل ناضج ذي لحية كثيفة ومهيبة وشعر منسدل. وكما جرت العادة في تصويره، فإنه يحمل فوق رأسه ما يُعرف باسم ""الكالاثوس"" (وهي سلة ترمز إلى الوفرة والخيرات والأسرار المقدسة)، مما يؤكد على سلطته الإلهية وارتباطه بالخصوبة والعالم الآخر.
 
 مقر العرض الحالي
 تُعد هذه التحفة الفنية التاريخية شاهداً حياً على الماضي المتعدد الثقافات لمدينة الإسكندرية، وتُعرض بكل فخر ضمن المقتنيات العريقة للمتحف اليوناني الروماني بمدينة الإسكندرية.",Greco-Roman Museum,Bust,5
"God Ptah, King Ramesses II and Goddess Sekhmet",الإله بتاح، الملك رمسيس الثاني، والمعبودة سخمت,"Overview and Divine Significance
 This colossal red granite statue represents a powerful triad blending divine majesty with royal authority. It beautifully depicts King Ramesses II standing alongside two highly revered ancient Egyptian deities: Ptah, the creator god and patron of craftsmen, and Sekhmet, the fierce and powerful goddess of war.
 
 Discovery and Historical Details
 The monument was originally discovered in 1904 near the Temple of Heryshef at Heracleopolis Magna (known today as Ihnasya el-Medina). A fascinating archaeological detail is hidden in plain sight; the inscriptions carved on the base and the back pillar of the statue strongly suggest that the figure of the goddess Sekhmet was actually modified to replace an earlier depiction of the local god Harsaphes.
 
 Current Location
 Today, this magnificent and historically rich piece of ancient Egyptian artistry is proudly housed and displayed among the world-class collections at the Grand Egyptian Museum (GEM) in Giza.","نبذة عامة والأهمية التاريخية
 يُعد هذا التمثال الضخم المنحوت من الجرانيت الأحمر تجسيداً مهيباً يجمع بين السلطة الإلهية والملكية. يصور التمثال ثالوثاً قوياً يضم الملك ""رمسيس الثاني"" واقفاً جنباً إلى جنب مع اثنين من أعظم الآلهة المصرية القديمة: ""بتاح"" إله الخلق وراعي الحرفيين، والمعبودة ""سخمت"" إلهة الحرب القوية والشرسة.
 
 الاكتشاف والتفاصيل الأثرية
 اكتُشف هذا الأثر العظيم في عام 1904 بالقرب من معبد ""حريشف"" في مدينة إهناسيا الأثرية (المعروفة قديماً باسم هيراكليوبوليس ماجنا). ومن التفاصيل المذهلة التي كشفت عنها النقوش الموجودة على قاعدة التمثال وعمود الظهر، أن هيئة المعبودة سخمت قد نُحتت وعدلت لاحقاً لتحل محل تصوير أقدم للإله المحلي ""حريشف"".
 
 مقر العرض الحالي
 تُعرض هذه التحفة الأثرية الخالدة حالياً بكل فخر ضمن المقتنيات العظيمة في المتحف المصري الكبير بمحافظة الجيزة، لتكون شاهداً على عظمة الفن والتاريخ المصري القديم.",The Grand Egyptian Museum,Statue,6
Colossal Statue of a Ptolemaic Queen as Isis,تمثال ضخم لملكة بطلمية في هيئة المعبودة إيزيس,"Overview and Divine Representation
 This monumental collectible is a breathtaking piece of Egyptian antiquity, representing a Ptolemaic queen elegantly depicted in the divine form of the goddess Isis. It stands as a magnificent example of the cultural and religious blending that characterized the Ptolemaic era in Egypt, merging royal authority with divine reverence.
 
 Physical Description and Iconography
 Crafted from durable stone, highly likely granite, this awe-inspiring sculpture is one of the largest statues of its kind ever discovered, reaching an astonishing height of up to 11 meters. The queen is adorned with the classic iconography of Isis, featuring a distinctive crown where a majestic sun disk rests between two cow horns, elegantly topped with divine feathers.
 
 Discovery and Current Location
 Adding to its mystique, this colossal artifact was remarkably recovered from the depths of the Mediterranean Sea near Alexandria, standing as a silent witness to the submerged ancient history of the city. Today, it is proudly showcased as a centerpiece among the prime antiquities at the Graeco-Roman Museum in Alexandria.","نبذة عامة والتجسيد الإلهي
 يُعد هذا التمثال الأثري الضخم من القطع النادرة والمميزة في الآثار المصرية، حيث يصور إحدى الملكات البطالمة في هيئة المعبودة ""إيزيس"". ويعكس هذا الأثر ببراعة الاندماج الثقافي والديني العميق الذي ساد مصر خلال العصر البطلمي، حيث امتزجت السلطة الملكية بالقدسية الإلهية.
 
 الوصف الفني والرمزية
 صُنع هذا الأثر المهيب من الحجر الصلب، ويُرجح أنه من الجرانيت، ويُصنف كواحد من أكبر التماثيل من نوعه على الإطلاق، حيث يصل ارتفاعه المذهل إلى حوالي 11 متراً. تتألق الملكة بتاج مميز يضم قرص الشمس مستقراً بين قرني بقرة، ويعلوه ريش، وهو التاج التقليدي الشهير والرمز الأبرز للمعبودة إيزيس.
 
 الاكتشاف ومقر العرض
 مما يضفي طابعاً أسطورياً على هذا التمثال أنه تم انتشاله من أعماق البحر الأبيض المتوسط بالقرب من سواحل الإسكندرية، ليكون شاهداً حياً على التاريخ الغارق للمدينة القديمة. ويُعرض التمثال حالياً بكل فخر كأحد أبرز وأهم القطع الأثرية في المتحف اليوناني الروماني بمدينة الإسكندرية.",Greco-Roman Museum,Statue,7
Gold Funerary Mask of King Psusennes I,القناع الجنائزي الذهبي للملك بسوسنيس الأول,"Overview and Royal Protection
 This magnificent gold funerary mask depicts King Psusennes I wearing the traditional royal nemes headdress, which was typically made of linen. Surmounting the headdress is the sacred uraeus, or royal cobra, a powerful symbol meant to protect the pharaoh against his opponents and enemies both in life and in the afterlife.
 
 Craftsmanship and Artistic Details
 The mask is masterfully crafted from two pieces of beaten gold, which were expertly soldered and joined together using five nails visible only from the back. The king's face is framed by a divine plaited false beard, an enduring symbol of royal dignity, held in place by straps meticulously inlaid with glass paste.
 
 Intricate Adornments
 The same delicate glass paste is used to highlight the eyebrows and eyelids, while the striking, lifelike eyes are fashioned from contrasting black and white stone. Additionally, the pharaoh's chest is adorned with a broad usekh (or wesekh) collar, beautifully incised with intricate floral decorations.","نبذة عامة والرمزية الملكية
 يصور هذا القناع الجنائزي الذهبي المذهل الملك ""بسوسنيس الأول"" مرتدياً غطاء الرأس الملكي التقليدي المعروف باسم ""النمس"" (والذي كان يُصنع عادة من الكتان). ويتوج هذا الغطاء حية الكوبرا الملكية المقدسة، وهي رمز قوي يهدف إلى حماية الفرعون من خصومه وأعدائه في الحياة الدنيا والعالم الآخر.
 
 براعة الصنع والتفاصيل الفنية
 صُنع هذا القناع ببراعة فائقة من قطعتين من الذهب المطروق، تم لحمهما وتجميعهما معاً باستخدام خمسة مسامير لا يمكن رؤيتها إلا من الجهة الخلفية. يزين وجه الملك لحية مستعارة مضفرة ذات طابع إلهي، والتي تُعد رمزاً أصيلاً للوقار والهيبة، ومثبتة بأشرطة مطعمة بعجينة الزجاج.
 
 الحلي والزخارف الدقيقة
 استُخدمت عجينة الزجاج الدقيقة أيضاً لتحديد الجفون والحواجب، بينما صُممت العيون الجذابة بعناية من أحجار باللونين الأبيض والأسود لتمنح الوجه نظرة نابضة بالحياة. وبالإضافة إلى ذلك، يتزين صدر الفرعون بقلادة عريضة تُعرف باسم ""الأوسخ""، وهي منقوشة ومزينة بزخارف نباتية بديعة.",The Egyptian Museum,Mask,8
Golden Throne of King Tutankhamun,العرش الذهبي للملك توت عنخ آمون,"Overview and Discovery
 Considered one of the most significant and well-preserved pieces of furniture from ancient Egypt, the golden throne of Tutankhamun is a masterfully crafted symbol of royal power and divine authority. It was discovered in 1922 by British archaeologist Howard Carter, resting beneath a hippopotamus funerary bed in the antechamber of the young king’s tomb. Dating back to the late 18th Dynasty, its vibrant colors remain remarkably unfaded over three millennia.
 
 Materials and Craftsmanship
 The throne stands as a testament to the exceptional skill of ancient Egyptian artisans. It is constructed from wood meticulously covered with gold leaf and silver, and richly inlaid with semi-precious stones, colored glass, and vibrant quartz plates. This exquisite combination creates a dazzling visual richness that brilliantly enhances the intricate, chased gold patterns.
 
 Design and The Royal Scene
 The luxurious armchair features projecting lions’ heads that guard the seat, while the arms take the form of winged rearing cobras wearing the double crown of Egypt. The backrest showcases one of the most intimate and famous scenes in art history: King Tutankhamun seated while his wife, Queen Ankhesenamun, anoints him with perfumed oil. Reflecting the Amarna artistic style, the sun disc Aten shines above them, with the royal couple's bodies inlaid in colored glass and their linen robes crafted in silver.
 
 Symbolism and Divine Authority
 Beyond its physical beauty, the throne represents majesty, stability, safety, and balance. Its name in Egyptian hieroglyphs, ""Ist,"" directly references the mother goddess Isis, emphasizing the divine protection and legitimacy of the pharaoh. Today, this unique historical masterpiece is proudly displayed at the Grand Egyptian Museum (GEM) in Giza.","نبذة عامة والاكتشاف
 يُعد العرش الذهبي للملك ""توت عنخ آمون"" من أهم قطع الأثاث وأكثرها حفظاً من مصر القديمة، وهو تحفة فنية تجسد السلطة الملكية والشرعية الإلهية. اكتشفه عالم الآثار البريطاني ""هوارد كارتر"" عام 1922 أسفل سرير جنائزي في الحجرة الأمامية لمقبرة الملك الشاب. يعود تاريخ هذا العرش إلى أواخر الأسرة الثامنة عشرة، وما زالت ألوانه الزاهية صامدة بشكل مذهل لأكثر من ثلاثة آلاف عام.
 
 براعة الصنع والخامات
 يمثل هذا العرش دليلاً حياً على المهارة الاستثنائية للحرفيين المصريين القدماء. صُنع العرش من الخشب المغطى برقائق الذهب والفضة، وتم تطعيمه بعناية فائقة بالأحجار شبه الكريمة، والزجاج الملون، وألواح الكوارتز الزاهية، مما أضفى ثراءً بصرياً رائعاً يتناغم ببراعة مع الزخارف الذهبية الدقيقة.
 
 التصميم والمشهد الملكي
 يتميز الكرسي الفاخر بتصميم فريد؛ حيث تبرز رؤوس أسود لحراسة المقعد، بينما صُممت مساند الذراعين على هيئة حيات كوبرا مجنحة ترتدي التاج المزدوج لمصر. ويزين ظهر العرش واحداً من أشهر المشاهد الحميمية في تاريخ الفن، حيث يظهر الملك الشاب جالساً بينما تقوم زوجته الملكة ""عنخ إسن آمون"" بدهنه بالزيت العطري. صُمم المشهد متأثراً بأسلوب ""العمارنة"" الفني، حيث يشرق قرص الشمس ""آتون"" فوق الزوجين، وتم تطعيم أجسادهما بالزجاج الملون وملابسهما بالفضة.
 
 الرمزية والسلطة الإلهية
 إلى جانب روعته الفنية، يرمز العرش إلى الجلالة والاستقرار والأمان والتوازن. يُنطق اسم العرش في الهيروغليفية ""إست""، وهو يشير مباشرة إلى المعبودة الأم ""إيزيس""، مما يؤكد على الحماية الإلهية والشرعية الملكية للفرعون وربطه بالعالم الإلهي. تُعرض هذه التحفة الفنية الفريدة اليوم بكل فخر في المتحف المصري الكبير بالجيزة.",The Grand Egyptian Museum,Statue,9
Guardian Statues of Tutankhamun,تماثيل الحراس للملك توت عنخ آمون,"Discovery and Placement
 These iconic guardian statues were discovered in 1922 by British Egyptologist Howard Carter in the antechamber of Tutankhamun’s tomb (KV62) in the Valley of the Kings. Acting as formidable sentinels, they stood on either side of the sealed doorway leading to the burial chamber. Facing each other, they were strategically placed to protect the young pharaoh’s resting place and guard the blocked and plastered entrance to the afterlife.
 
 Appearance and Materials
 Both life-sized statues are crafted from wood covered with plaster and strikingly painted in black, beautifully accented with gold elements. The young pharaoh is depicted wearing a traditional nemes headcloth, a pleated royal kilt, sandals, and elaborate jewelry including a broad collar, wristbands, and bracelets. Each sentinel holds a papyrus staff in the left hand and a mace in the right, standing with the left leg advanced in a classic masculine striding posture. The striking black coloration is deeply symbolic, representing fertility, rebirth, and resurrection—echoing the fertile silt of the Nile and the pharaoh’s association with Osiris, god of the underworld.
 
 Symbolism and Cultural Significance
 Serving both as guardians and Ka (spirit) statues, they represent Tutankhamun’s protective presence and divine power. While the statues appear almost identical at first glance, subtle differences exist in their features and decoration, highlighting the meticulous craftsmanship of the era. Inscriptions on the kilt of one statue invoke eternal life, reinforcing the theme of immortality. Today, these powerful testaments to 18th-Dynasty artistry and religious beliefs are prominent highlights of the Tutankhamun collection at the Grand Egyptian Museum (GEM) in Giza.","الاكتشاف وموقع العرض
 اكتُشفت هذه التماثيل الحارسة الشهيرة عام 1922 على يد عالم الآثار البريطاني ""هوارد كارتر"" في الحجرة الأمامية لمقبرة الملك توت عنخ آمون بوادي الملوك. وُضعت التماثيل كحراس أشداء على جانبي الباب المغلق المؤدي إلى حجرة الدفن، حيث كانا يواجهان بعضهما البعض لحماية مثوى الفرعون الشاب وحراسة المدخل الذي كان مسدوداً ومغطى بالجص.
 
 الوصف المادي والخامات
 نُحت كلا التمثالين بالحجم الطبيعي من الخشب المغطى بطبقة من الجص، وطُليا بلون أسود ساحر مزين بتفاصيل ذهبية دقيقة. يظهر الفرعون الشاب مرتدياً غطاء الرأس التقليدي ""النمس""، ونقبة ملكية ذات ثنيات، وصنادل، بالإضافة إلى حلي معقدة تشمل قلادة عريضة وأساور للمعصم والذراع. يحمل كل تمثال عصا من البردي في يده اليسرى وصولجاناً في يده اليمنى، ويقف مقدماً ساقه اليسرى في وضعية الخطوة العسكرية التقليدية. ويحمل اللون الأسود دلالة رمزية عميقة تعبر عن الخصوبة والبعث والقيامة، في إشارة إلى طمي النيل الخصب وارتباط الفرعون بالإله ""أوزوريس"" إله العالم الآخر.
 
 الرمزية والأهمية الثقافية
 لعبت هذه التماثيل دوراً مزدوجاً كحراس وتماثيل لروح ""الكا""، لتمثل الحضور الواقي والقوة الإلهية للملك توت عنخ آمون. وعلى الرغم من التشابه الكبير بينهما، إلا أن هناك اختلافات طفيفة في الملامح والزخارف تبرز براعة الحرفيين في ذلك العصر. تحمل النقوش الموجودة على نقبة أحد التمثالين دعوات بحياة أبدية للملك، مما يعزز فكرة الخلود. واليوم، تُعد هذه التماثيل التي تجسد روعة الفن والعقيدة في الأسرة الثامنة عشرة، من أبرز القطع المعروضة ضمن مجموعة الملك الذهبي بالمتحف المصري الكبير بالجيزة.",The Grand Egyptian Museum,Statue,10
Hanging Obelisk of Ramesses II,المسلة المعلقة لرمسيس الثاني,"Overview and Origins
 Standing as a magnificent welcome to visitors at the Grand Egyptian Museum, the Hanging Obelisk of Ramesses II is a remarkable architectural marvel. Originally erected alongside several others in the ancient city of Tanis (San el-Hagar) in the Eastern Delta, this majestic granite monument reaches a total height of 16 meters, making it the tallest obelisk that ever stood in that ancient city.
 
 An Architectural Innovation
 Weighing an impressive 87 tons, this masterpiece has been transformed into the world's first suspended obelisk. It is securely lifted on a specially designed platform supported by four massive pillars resting on a huge concrete base. This highly innovative engineering not only minimizes vibrations to protect the priceless monument but also seamlessly bridges ancient Egyptian craftsmanship with modern architectural ingenuity.
 
 The Hidden Cartouches
 The most unique aspect of this suspension design is the immersive experience it offers. For the first time in history, visitors can walk directly beneath the colossal obelisk to view the previously hidden cartouches of King Ramesses II intricately carved into its base. Additionally, the four sides of the monument are richly inscribed with the king's Horus name, throne name, and birth name, offering a profound glimpse into royal history.","نبذة عامة والنشأة
 تُعد المسلة المعلقة للملك ""رمسيس الثاني"" أعجوبة معمارية استثنائية، وهي أول تحفة أثرية تستقبل زوار المتحف المصري الكبير في ساحته الخارجية الشاسعة. أُقيمت هذه المسلة الجرانيتية المهيبة في الأصل بمدينة صان الحجر (تانيس قديماً) في شرق الدلتا، وتعتبر الأطول من بين المسلات التي وُضعت هناك، حيث يبلغ ارتفاعها الكلي حوالي 16 متراً.
 
 تصميم هندسي مبتكر
 تزن هذه المسلة الضخمة حوالي 87 طناً، وقد صُممت لتكون أول مسلة معلقة في العالم. ترتكز المسلة على منصة مدعومة بأربعة أعمدة ضخمة وقاعدة خرسانية متينة، وهو تصميم هندسي حديث ومبتكر يهدف إلى تقليل الاهتزازات لحماية الأثر، وفي الوقت نفسه يمثل رمزاً حضارياً يربط بين براعة المصريين القدماء والتطور المعماري المعاصر.
 
 الخراطيش الملكية المخفية
 يوفر هذا التصميم المعلق تجربة تفاعلية فريدة من نوعها؛ حيث يتيح للزوار لأول مرة في التاريخ السير مباشرة أسفل المسلة الضخمة ورؤية خراطيش الملك رمسيس الثاني التي ظلت مخفية في قاعدتها السفلية لآلاف السنين. وعلاوة على ذلك، تزين الجوانب الأربعة للمسلة نقوش غنية تحمل الاسم الحوري، واسم العرش، واسم الميلاد للملك العظيم.",The Grand Egyptian Museum,Statue,11
Head of Queen Hatshepsut,رأس الملكة حتشبسوت,"Overview and Royal Identity
 Recognized as one of the most successful female rulers in history, Queen Hatshepsut reigned during the 18th Dynasty of ancient Egypt (around 1479–1458 BC). This remarkable artifact showcases her unique representation as a female pharaoh. To assert her power and legitimacy in a predominantly male-dominated society, she masterfully navigated her dual identity by adopting male royal regalia and depicting herself with traditional kingly attributes.
 
 Artistic Features and Symbolism
 Crafted from painted limestone, this head is considered a true masterpiece of 18th-Dynasty sculpture. It was originally part of a larger monumental statue that depicted the queen in the divine form of the god Osiris. The sculpture beautifully preserves her distinctive feminine features, including gently curved eyebrows, wide eyes extended by elegant cosmetic lines, a delicate aquiline nose, full cheeks, and a gracious mouth. Interestingly, these soft features are strikingly paired with a ceremonial false beard, blending her feminine identity with the traditional masculine iconography of pharaonic authority.
 
 Historical Context and Location
 This specific masterpiece is closely associated with Hatshepsut’s mortuary temple at Deir el-Bahari, which stands as one of the most impressive architectural achievements of her reign. Today, this vital piece of history is proudly housed in the Egyptian Museum in Cairo, serving as a powerful testament to her enduring legacy and the fascinating complexities of gender representation in ancient Egyptian art.","نبذة عامة والهوية الملكية
 تُعد الملكة حتشبسوت واحدة من أنجح الحكام الإناث في التاريخ، وقد حكمت مصر خلال عصر الأسرة الثامنة عشرة (حوالي 1479-1458 قبل الميلاد). يعكس هذا الأثر المذهل تمثيلها الفريد كفرعون أنثى؛ ولتأكيد سلطتها وشرعيتها في مجتمع كان يهيمن عليه الذكور، حرصت على دمج هويتها كعاهلة مع التقاليد الملكية من خلال تبني الشارات الذكورية وتصوير نفسها بالسمات التقليدية للملوك الرجال.
 
 السمات الفنية والرمزية
 صُنع هذا الرأس من الحجر الجيري الملون، ويُعد تحفة فنية حقيقية من منحوتات الأسرة الثامنة عشرة. كان الرأس في الأصل جزءاً من تمثال أكبر يصور الملكة في الهيئة الإلهية للإله ""أوزوريس"". يبرز النحت ببراعة الملامح الأنثوية الرقيقة لحتشبسوت، والتي تشمل الحواجب المقوسة بلطف، والعيون الواسعة الممتدة بخطوط التجميل الأنيقة، والأنف الدقيق، والوجنتين الممتلئتين، والفم الرشيق. والمثير للاهتمام أن هذه الملامح الناعمة تقترن بشكل بارز باللحية المستعارة الاحتفالية، مما يخلق مزيجاً عبقرياً بين الأنوثة والأيقونات الذكورية التقليدية للسلطة الفرعونية.
 
 السياق التاريخي ومقر العرض
 يرتبط هذا الرأس الفريد ارتباطاً وثيقاً بمعبدها الجنائزي العظيم في الدير البحري، والذي يُصنف كواحد من أعظم الإنجازات المعمارية في فترة حكمها. واليوم، تُعرض هذه القطعة التاريخية الهامة بكل فخر في المتحف المصري بالقاهرة، لتقف كشاهد قوي على إرثها العظيم والأسلوب الفريد الذي اتبعته للتعبير عن هويتها وسلطتها في الفن المصري القديم.",The Egyptian Museum,Bust,12
Colossal Head of Pharaoh Akhenaten,الرأس الضخم للفرعون أخناتون,"Overview and Historical Significance
 This colossal head statue depicts the ancient Egyptian Pharaoh Akhenaten, a revolutionary ruler of the 18th Dynasty. He is renowned for introducing radical and unprecedented transformations to both Egyptian religion and art. Because later rulers systematically attempted to erase his legacy and destroy his monuments, surviving colossal statues like this one are incredibly rare and hold immense historical significance.
 The Amarna Art Style
 The sculpture brilliantly showcases the unique and highly distinctive artistic style characteristic of the Amarna Period. It prominently features the signature elongated facial structure and stylized proportions that Akhenaten introduced to boldly break away from the traditional, idealized pharaonic depictions of his predecessors.
 Current Location
 This striking monument is currently on prominent display in the Grand Hall of the Grand Egyptian Museum (GEM) in Giza. Located near the iconic Pyramids, the GEM stands proudly as the world's largest archaeological museum dedicated entirely to a single civilization, offering a breathtaking backdrop for this rare artifact.","نبذة عامة والأهمية التاريخية
 يصور هذا الرأس الضخم الفرعون المصري القديم ""أخناتون""، الحاكم الثوري الذي انتمى للأسرة الثامنة عشرة. يُعرف أخناتون بإحداثه تغييرات جذرية وغير مسبوقة في كل من الدين والفن المصري. ونظراً لأن الحكام اللاحقين حاولوا طمس إرثه وتدمير آثاره بشكل منهجي، فإن تماثيله الضخمة الباقية مثل هذا التمثال تُعد نادرة جداً وتحمل أهمية تاريخية استثنائية.
 طراز العمارنة الفني
 يبرز هذا النحت بوضوح الأسلوب الفني الفريد والمميز الذي عُرف به عصر ""العمارنة"". ويظهر ذلك جلياً في الملامح واستطالة الوجه والنسب الفنية غير المعتادة التي أدخلها أخناتون لكسر القواعد التقليدية والمثالية التي كانت تُتبع دائماً في نحت التماثيل الملكية الفرعونية.
 مقر العرض الحالي
 يُعرض هذا الأثر المهيب في مكان بارز داخل ""البهو العظيم"" بالمتحف المصري الكبير بالجيزة. ويُعد هذا المتحف، الواقع على مقربة من أهرامات الجيزة الخالدة، أكبر متحف أثري في العالم يُخصص بالكامل لحضارة واحدة، ليقدم للزوار تجربة بصرية وتاريخية لا تُنسى.",The Grand Egyptian Museum,Bust,13
Innermost Coffin of King Tutankhamun,التابوت الداخلي للملك توت عنخ آمون,"Overview and Discovery
 Discovered within the tomb of the boy king in the Valley of the Kings, this artifact remains one of the most iconic and breathtaking treasures of ancient Egypt. It served as the final resting place for the legendary Pharaoh Tutankhamun and is universally recognized as a masterpiece of ancient art.
 Material and Craftsmanship
 The coffin is an unparalleled marvel of ancient goldsmithing. It is constructed entirely from solid gold and weighs a staggering 110 kilograms. The gleaming surface is intricately decorated with highly detailed hieroglyphs and sacred religious symbols designed to guide and protect the king in the afterlife.
 Divine Iconography
 The stunning design depicts the young king in the traditional Osirian position, symbolizing his divine transformation and rebirth. His arms are crossed over his chest, firmly holding the sacred royal insignia: the heka scepter (crook) and the flail, which together represent his supreme authority, leadership, and power.
 Current Location
 Today, this magnificent golden treasure is safely housed and proudly displayed as a crown jewel at the Grand Egyptian Museum (GEM) in Giza, offering visitors a mesmerizing glimpse into royal ancient Egyptian burial practices.","نبذة عامة والاكتشاف
 يُعد هذا التابوت واحداً من أشهر وأعظم الكنوز الأثرية في تاريخ مصر القديمة. اكتُشف داخل مقبرة الملك الشاب في وادي الملوك، ليكون المثوى الأخير للفرعون الأسطوري توت عنخ آمون، ويُصنف عالمياً كأيقونة فريدة للفن المصري القديم.
 الخامات وبراعة الصنع
 يمثل هذا التابوت تحفة فنية لا مثيل لها في صياغة الذهب قديماً؛ فهو مصنوع بالكامل من الذهب الخالص ويبلغ وزنه المذهل أكثر من 110 كيلوجرامات. يتزين سطح التابوت اللامع بنقوش دقيقة تشمل نصوصاً هيروغليفية ورموزاً دينية مقدسة صُممت خصيصاً لإرشاد وحماية الملك في رحلته للعالم الآخر.
 الرمزية الدينية
 يصور التصميم المذهل الملك الشاب في الوضع ""الأوزيري"" التقليدي، مما يرمز إلى تحوله الإلهي والبعث. تتقاطع ذراعا الملك على صدره وهو يقبض بإحكام على الشارات الملكية المقدسة: صولجان ""الحكا"" (المعكوف) والمذبة، وهما رمزان يعبران بوضوح عن سلطته، وقيادته، وقوته المطلقة.
 مقر العرض الحالي
 يُعرض هذا الكنز الذهبي الذي يخطف الأنفاس حالياً بكل فخر كأحد درر التاج ضمن مقتنيات المتحف المصري الكبير بالجيزة، ليقدم للزوار مشهداً لا يُنسى لطقوس الدفن الملكية في مصر القديمة.",The Grand Egyptian Museum,Statue,14
Khafre Enthroned,تمثال خفرع الجالس,"Overview and Discovery
 This magnificent statue depicts Pharaoh Khafre, a powerful ruler of the Fourth Dynasty of ancient Egypt and the builder of the second largest pyramid at Giza. The historical artifact was famously discovered in 1860 by the French archaeologist Auguste Mariette during excavations in the Valley Temple, located near the iconic Great Sphinx.
 Material and Craftsmanship
 The sculpture is masterfully crafted from a solid block of dark diorite. This incredibly hard and durable stone was deliberately chosen to ensure the monument would last for eternity, perfectly reflecting the pharaoh's enduring power and the exceptional skill of ancient Egyptian artisans.
 Symbolism and Divine Protection
 One of the most breathtaking and unique features of this masterpiece is the hidden symbolism visible primarily from the side and back. The falcon god Horus is elegantly perched directly behind the king's head, securely wrapping his wings around the pharaoh's royal headdress. This intimate and powerful embrace symbolizes ultimate divine protection, reinforcing Khafre's legitimate kingship and his status as a living god on earth.","نبذة عامة والاكتشاف
 يصور هذا التمثال المهيب الفرعون ""خفرع""، أحد أقوى حكام الأسرة الرابعة في مصر القديمة وباني الهرم الثاني في الجيزة. اكتُشف هذا الأثر العظيم في عام 1860 على يد عالم الآثار الفرنسي ""أوغوست مارييت"" أثناء أعمال الحفر والتنقيب في معبد الوادي الواقع بالقرب من تمثال أبو الهول.
 الخامات وبراعة الصنع
 نُحت هذا التمثال ببراعة فائقة من كتلة صلبة من حجر الديوريت الداكن. وقد اختار النحات المصري القديم هذا الحجر شديد الصلابة والمتانة لضمان بقاء التمثال صامداً إلى الأبد، مما يعكس قوة الفرعون الخالدة والمهارة الاستثنائية التي تمتع بها فنانو عصر الدولة القديمة.
 الرمزية والحماية الإلهية
 من أروع التفاصيل الفنية في هذه التحفة هي الرمزية الخفية التي تظهر بوضوح عند النظر للتمثال من الجانب أو الخلف. حيث يقف الإله ""حورس"" على هيئة صقر خلف رأس الملك مباشرة، فاردًا جناحيه ليحتضن غطاء الرأس الملكي. يرمز هذا العناق الإلهي إلى أقصى درجات الحماية، ويؤكد بقوة على مكانة الفرعون كحاكم يستمد شرعيته من الآلهة.",The Egyptian Museum,Statue,15
King Djoser,الملك زوسر,"Overview and Historical Context
 This remarkable artifact depicts King Djoser, a visionary pharaoh and a founding figure of the Old Kingdom epoch. He is historically celebrated for commissioning the Step Pyramid at Saqqara, which stands as the first important monumental stone building in ancient Egypt. Dating back to the Third Dynasty, this masterpiece holds immense historical weight as it is globally recognized as the oldest known life-sized Egyptian statue ever discovered.
 Artistic Features and Royal Attire
 The pharaoh is depicted seated with an aura of imposing majesty. He is elegantly dressed in a traditional jubilee cloak, a garment closely associated with the royal Heb-Sed festival of renewal. His face is framed by a heavy tripartite wig, which is meticulously covered by a classic royal head-cloth, showcasing the early and fascinating evolution of pharaonic iconography.
 Discovery and Current Location
 This pioneering sculpture was famously discovered in 1924, hidden securely within a serdab—a completely sealed, small stone chamber—located within his sprawling funerary complex at Saqqara. Today, this extraordinary piece of ancient history is proudly housed and displayed at the Egyptian Museum in Cairo.","نبذة عامة والسياق التاريخي
 يصور هذا الأثر الاستثنائي الملك ""زوسر""، الفرعون صاحب الرؤية والذي يُعد من مؤسسي عصر الدولة القديمة. يشتهر الملك تاريخياً بأنه من أمر ببناء الهرم المدرج بسقارة، والذي يُعد أول وأهم مبنى حجري ضخم في مصر القديمة. يعود تاريخ هذا التمثال إلى الأسرة الثالثة، ويحظى بقيمة تاريخية لا تقدر بثمن حيث يُصنف عالمياً كأقدم تمثال مصري بالحجم الطبيعي يتم اكتشافه على الإطلاق.
 السمات الفنية والزي الملكي
 يظهر الفرعون جالساً بوقار وهيبة تعكس مكانته الإلهية. وهو يرتدي عباءة احتفالية تقليدية ترتبط باحتفالات ""اليوبيل"" الملكي (عيد السد). ويُحيط بوجهه شعر مستعار كثيف مقسم إلى ثلاثة أجزاء، يغطيه غطاء رأس ملكي كلاسيكي، مما يعكس البدايات الأولى لتطور الشارات والأيقونات الملكية الفرعونية.
 الاكتشاف ومقر العرض الحالي
 تم اكتشاف هذا الأثر الرائد في عام 1924 مخبأً بأمان داخل ما يُعرف بـ ""السرداب"" (وهي غرفة حجرية صغيرة ومغلقة تماماً) داخل مجموعته الجنائزية الشاسعة في منطقة سقارة. واليوم، تُعرض هذه القطعة الأثرية الرائعة التي تمهد لتاريخ الفن المصري القديم بكل فخر في المتحف المصري بالقاهرة.",The Egyptian Museum,Statue,16
King Khufu Solar Boat,مركب الشمس للملك خوفو,"Overview and Monumental Scale
 This magnificent 4,500-year-old full-size cedarwood vessel is a true marvel of ancient engineering. Discovered near the Great Pyramid of Giza, it holds the remarkable distinction of being one of the oldest, largest, and best-preserved vessels from antiquity, measuring an astonishing 43 meters in length.
 Purpose and The Divine Journey
 Often referred to as a ""solar barque,"" this incredible ship was not built for ordinary navigation. It was a sacred, ritualistic vessel purposefully designed to carry the resurrected King Khufu as he accompanied the sun god across the heavens in his eternal journey through the afterlife.
 Discovery and Current Location
 The legendary boat was miraculously discovered in 1954, entirely disassembled into over a thousand wooden pieces. After years of meticulous reconstruction, it was housed in its own dedicated museum on the Giza Plateau for decades. Recently, in a historic and highly celebrated move, this ancient masterpiece was safely transported intact to its new permanent home at the Grand Egyptian Museum (GEM) in Giza.","نبذة عامة والحجم الضخم
 تُعد هذه السفينة الضخمة المصنوعة من خشب الأرز، والتي يبلغ عمرها 4500 عام، معجزة حقيقية من معجزات الهندسة القديمة. اكتُشفت هذه التحفة الخشبية بالقرب من الهرم الأكبر بالجيزة، وتتميز بكونها واحدة من أقدم وأكبر وأفضل السفن المحفوظة من العصور القديمة على مستوى العالم، حيث يبلغ طولها المذهل حوالي 43 متراً.
 الهدف والرحلة الإلهية
 لم تُبنَ هذه السفينة المذهلة، والتي تُعرف باسم ""مركب الشمس""، من أجل الملاحة العادية. بل كانت عبارة عن مركب طقسي مقدس صُمم خصيصاً ليحمل الفرعون ""خوفو"" بعد بعثه ليرافق إله الشمس في رحلته السماوية الخالدة عبر العالم الآخر.
 الاكتشاف ومقر العرض الحالي
 بأعجوبة أثرية، تم اكتشاف هذا المركب الأسطوري في عام 1954 مفككاً بالكامل إلى أكثر من ألف قطعة خشبية. وبعد سنوات من التجميع والترميم الدقيق، عُرض المركب لعقود طويلة داخل متحف خاص به في هضبة الجيزة. ومؤخراً، وفي عملية نقل هندسية وتاريخية معقدة، تم نقل هذه التحفة الأثرية قطعة واحدة لتستقر بأمان في مقرها الدائم والجديد داخل المتحف المصري الكبير بالجيزة.",The Grand Egyptian Museum,Statue,17
King Ptolemy XII Auletes,الملك بطليموس الثاني عشر (الزمار),"Overview and Royal Lineage
 This remarkable limestone statue depicts the Egyptian Pharaoh Ptolemy XII Auletes, who reigned during the Ptolemaic era from 80 to 51 BC. As a highly notable figure in late ancient Egyptian history, he is perhaps best known to the world as the father of the legendary Queen Cleopatra VII.
 Artistic Style and Material
 Masterfully carved from limestone, the sculpture beautifully illustrates the deep cultural synthesis of its time. It exhibits a fascinating and harmonious blend of traditional ancient Egyptian pharaonic poses seamlessly integrated with the highly detailed and emotive elements of Hellenistic Greek art.
 Significance and Current Location
 Historically, this monumental piece was not just for display; it was likely used as a powerful centerpiece in a royal cult temple dedicated to honoring and worshipping the ruler. Today, this captivating artifact is proudly housed and showcased among the distinguished collections of the Graeco-Roman Museum in Alexandria.","نبذة عامة والنسب الملكي
 يصور هذا التمثال الرائع المنحوت من الحجر الجيري الفرعون المصري ""بطليموس الثاني عشر"" (المعروف بلقب الزمار)، والذي حكم مصر خلال العصر البطلمي في الفترة من 80 إلى 51 قبل الميلاد. ويُعد من الشخصيات البارزة في أواخر تاريخ مصر القديمة، ويشتهر تاريخياً بأنه والد الملكة الأسطورية ""كليوباترا السابعة"".
 الأسلوب الفني والخامات
 يُجسد هذا التمثال المصنوع ببراعة من الحجر الجيري الاندماج الثقافي العميق الذي ساد في تلك الحقبة. فهو يعكس مزيجاً مذهلاً ومتناغماً بين الوضعيات الملكية التقليدية للفراعنة في مصر القديمة، وبين السمات الفنية الواقعية والمعبرة التي ميزت أسلوب الفن اليوناني (الأسلوب الهلنستي).
 الأهمية التاريخية ومقر العرض
 من الناحية التاريخية، لم يكن هذا التمثال الضخم مجرد قطعة للزينة، بل يُرجح أنه كان يُستخدم كقطعة مركزية أساسية في أحد معابد العبادة الملكية المخصصة لتبجيل الحاكم وتكريمه. واليوم، تُعرض هذه التحفة الأثرية الجذابة بكل فخر ضمن المقتنيات العريقة للمتحف اليوناني الروماني بمدينة الإسكندرية.",Greco-Roman Museum,Statue,18
Colossal Statue of King Ramesses II,التمثال الضخم للملك رمسيس الثاني,"Overview and Royal Power
 This magnificent colossal statue depicts King Ramesses II, widely celebrated as one of the most powerful, successful, and illustrious pharaohs in the history of ancient Egypt. The monument perfectly captures the majesty and undeniable authority of his long-lasting reign.
 Scale and Craftsmanship
 Masterfully crafted from a single, massive block of solid granite, the monument is an absolute triumph of ancient engineering and artistry. It stands at an awe-inspiring height of over 11 meters and weighs a staggering 83 tons, a scale deliberately chosen to project the pharaoh's eternal strength and dominance.
 Current Location
 Today, this iconic masterpiece serves as a breathtaking centerpiece at the Grand Egyptian Museum (GEM) in Giza. Situated just a stone's throw from the iconic Great Pyramids, it stands proudly as a welcoming beacon for visitors entering the world's largest archaeological museum dedicated to a single civilization.","نبذة عامة والشخصية الملكية
 يصور هذا التمثال الضخم والمهيب الفرعون ""رمسيس الثاني""، والذي يُحتفى به تاريخياً كواحد من أعظم وأقوى الفراعنة وأكثرهم نجاحاً في تاريخ مصر القديمة. يعكس هذا الأثر بوضوح الجلالة والهيبة والسلطة المطلقة التي ميزت فترة حكمه الطويلة والمزدهرة.
 الحجم الضخم وبراعة الصنع
 نُحت هذا الأثر العظيم ببراعة فائقة من كتلة واحدة ضخمة من الجرانيت الصلب، ويُعد إنجازاً هندسياً وفنياً مذهلاً من إنجازات العالم القديم. يقف التمثال بشموخ بارتفاع يتجاوز 11 متراً ويصل وزنه الهائل إلى حوالي 83 طناً، وهو حجم تم اختياره بعناية ليعكس القوة المطلقة والخلود للفرعون.
 مقر العرض الحالي
 يُعرض هذا التمثال الأيقوني حالياً كقطعة مركزية تخطف الأنفاس داخل المتحف المصري الكبير بالجيزة (GEM). ويقف التمثال شامخاً على مقربة من أهرامات الجيزة العظيمة، ليكون بمثابة منارة ترحيب بزوار أكبر متحف أثري في العالم يُخصص بالكامل لحضارة واحدة.",The Grand Egyptian Museum,Statue,19
King Ramesses III between the gods Horus and Seth,الملك رمسيس الثالث بين الإلهين حورس وست,"Overview and Divine Coronation
 This magnificent granite group statue depicts King Ramesses III standing centrally, flanked by two major ancient Egyptian deities. The pharaoh is shown being divinely crowned by the falcon-headed god Horus and the god Seth. This powerful representation symbolizes the unification of Egypt and the divine legitimacy bestowed upon the king by the gods of both order and opposing forces.
 Material and Dimensions
 Masterfully carved from a solid block of durable granite, this imposing triad statue reaches an impressive height of approximately 195 centimeters. The meticulous craftsmanship reflects the high artistic standards of the New Kingdom and the enduring nature of royal pharaonic monuments.
 Discovery and Current Location
 This extraordinary historical artifact was originally discovered at the sprawling mortuary temple complex of Medinet Habu, which served as the center of Ramesses III's legacy. Today, this captivating piece of ancient artistry is safely housed and prominently displayed at the Egyptian Museum in Cairo.","نبذة عامة والتتويج الإلهي
 يصور هذا التمثال الجماعي الرائع المصنوع من الجرانيت الملك ""رمسيس الثالث"" واقفاً في المنتصف، محاطاً باثنين من أعظم الآلهة المصرية القديمة. يظهر الفرعون وهو يُتوج إلهياً من قبل الإله ""حورس"" (برأس الصقر)، والإله ""ست"". يرمز هذا التجسيد القوي إلى توحيد مصر والشرعية الإلهية المطلقة التي مُنحت للملك من قبل إلهي النظام والقوى المتضادة.
 الخامات والأبعاد
 نُحت هذا التمثال الثلاثي المهيب ببراعة فائقة من كتلة صلبة من الجرانيت المتين، ويبلغ ارتفاعه المثير للإعجاب حوالي 195 سنتيمتراً. وتعكس هذه البراعة والدقة في النحت المعايير الفنية الرفيعة التي ميزت عصر الدولة الحديثة، والحرص الشديد على خلود الآثار الملكية.
 الاكتشاف ومقر العرض الحالي
 اكتُشفت هذه التحفة التاريخية الاستثنائية في الأصل داخل مجمع المعبد الجنائزي الشاسع في منطقة ""مدينة هابو""، والذي كان يُعد المركز الرئيسي لتخليد ذكرى الملك رمسيس الثالث. واليوم، تُعرض هذه القطعة الفنية الآسرة بكل فخر ضمن المقتنيات الثمينة في المتحف المصري بالقاهرة.",The Egyptian Museum,Statue,20
Kneeling Statue of Queen Hatshepsut,تمثال راكع للملكة حتشبسوت,"Overview and Royal Offering
 This remarkable artifact depicts Queen Hatshepsut, the legendary female pharaoh of the 18th Dynasty. She is portrayed in a devoted kneeling pose, solemnly offering sacred nu pots to a deity. This traditional and highly symbolic gesture was intended to demonstrate her deep piety and reinforce her divine connection as the rightful ruler of Egypt.
 Material and Craftsmanship
 Masterfully carved from a single, massive block of vibrant red granite, the sculpture exemplifies the extraordinary skill of ancient Egyptian artisans. The choice of such a hard and durable stone ensures the enduring legacy of her unique reign, perfectly capturing the delicate balance between her feminine features and pharaonic authority.
 Original Location and Display
 Originally gracing the grand halls of her magnificent mortuary temple at Deir el-Bahari on the west bank of Luxor, this historic masterpiece has survived millennia. Today, it is proudly housed and prominently displayed among the premier collections at the Grand Egyptian Museum (GEM) in Giza.","نبذة عامة والتقدمة الملكية
 يصور هذا الأثر الرائع الملكة ""حتشبسوت""، الفرعون الأنثى الأسطورية التي حكمت خلال عصر الأسرة الثامنة عشرة. وتظهر الملكة في وضع الركوع التعبدي، حيث تقدم بكل خشوع أواني ""النو"" المقدسة للآلهة. يُعد هذا الوضع إيماءة تقليدية ورمزية قوية تهدف إلى إبراز تقواها الشديدة وتأكيد ارتباطها الإلهي كحاكمة شرعية للبلاد.
 الخامات وبراعة الصنع
 نُحت هذا التمثال ببراعة متناهية من كتلة واحدة ضخمة من الجرانيت الأحمر الزاهي، ليقف كدليل ملموس على المهارة الاستثنائية التي تمتع بها فنانو النحت في مصر القديمة. وتعكس صلابة هذا الحجر الرغبة في تخليد إرث فترة حكمها الفريدة إلى الأبد، مع الحفاظ على التوازن الدقيق بين ملامحها الأنثوية الرقيقة والسلطة الفرعونية المطلقة.
 الموقع الأصلي ومقر العرض
 كان هذا التمثال التاريخي الاستثنائي يزين في الأصل قاعات معبدها الجنائزي المهيب في ""الدير البحري"" على البر الغربي للأقصر. وبعد أن صمد لآلاف السنين، تُعرض هذه التحفة الفنية اليوم بكل فخر كجزء من المقتنيات الثمينة والبارزة في المتحف المصري الكبير بالجيزة (GEM).",The Grand Egyptian Museum,Statue,21
Mask of Tutankhamun,قناع توت عنخ آمون,"Overview and Historical Significance
 The iconic golden funerary mask of King Tutankhamun, a renowned pharaoh of the 18th Dynasty, stands as one of the most famous artifacts from ancient Egypt and a true global icon of pharaonic civilization. It perfectly captures the legendary wealth, artistry, and mystique of the ancient world.
 Materials and Royal Iconography
 Crafted entirely from solid gold, this unparalleled masterpiece is intricately inlaid with semi-precious stones and vibrant colored glass paste. The young king is depicted wearing the traditional striped nemes headdress. Resting upon his forehead are the sacred cobra (uraeus) and the vulture, powerfully symbolizing his supreme dominion over Upper and Lower Egypt, complemented by a divine artificial beard.
 Discovery and Current Location
 This breathtaking treasure was famously discovered in 1922 by British archaeologist Howard Carter within the boy king's tomb in the Valley of the Kings. Today, it is proudly displayed as the ultimate centerpiece among the royal collections at the Grand Egyptian Museum (GEM) in Giza.","نبذة عامة والأهمية التاريخية
 يُعد القناع الجنائزي الذهبي الأيقوني للملك ""توت عنخ آمون""، فرعون الأسرة الثامنة عشرة الشهير، واحداً من أشهر القطع الأثرية في تاريخ مصر القديمة وأيقونة عالمية حقيقية تعبر عن عظمة وغموض الحضارة الفرعونية.
 الخامات والرموز الملكية
 صُنع هذا الأثر الخالد بالكامل من الذهب الخالص، وتم تطعيمه ببراعة فائقة وغاية في الدقة بالأحجار شبه الكريمة وعجينة الزجاج الملونة. يظهر الملك الشاب مرتدياً غطاء الرأس المخطط التقليدي المعروف بـ ""النمس"". ويتوج جبهته حية الكوبرا المقدسة (الصل الملكي) والنسر، وهما رمزان يعبران بقوة عن سيطرته المطلقة على مصر العليا والسفلى، وتكتمل هيبته الملكية باللحية المستعارة ذات الطابع الإلهي.
 الاكتشاف ومقر العرض الحالي
 تم اكتشاف هذا الكنز الذي يخطف الأنفاس في عام 1922 على يد عالم الآثار البريطاني ""هوارد كارتر"" داخل مقبرة الفرعون الشاب في وادي الملوك. واليوم، يُعرض هذا القناع الساحر بكل فخر كأهم وأبرز القطع المركزية في المتحف المصري الكبير بالجيزة (GEM).",The Grand Egyptian Museum,Mask,22
Menkaure Triad,ثلاثية منقرع,"Overview and Divine Presence
 This exceptional sculptural group from the Fourth Dynasty of ancient Egypt depicts King Menkaure standing confidently in the center. He is elegantly flanked by two powerful female figures: the prominent goddess Hathor, and a personified local nome (province) goddess. This profound triad symbolizes the pharaoh's eternal connection with the divine and the enduring fertility and prosperity of his kingdom.
 Material and Craftsmanship
 Dating back to approximately 2530–2500 BC, this masterpiece is meticulously carved from a single, solid block of dark stone, highly likely graywacke or schist. The remarkably smooth finish, intricate details, and realistic proportions reflect the absolute mastery and high artistic standards achieved by ancient Egyptian sculptors during the Old Kingdom epoch.
 Discovery and Current Location
 This triad is one of several similar and highly significant statues famously discovered in the Valley Temple associated with the pyramid of Menkaure at the Giza Plateau. Today, this extraordinary historical artifact is safely housed and beautifully displayed for visitors at the Egyptian Museum in Cairo.","نبذة عامة والحضور الإلهي
 تمثل هذه المجموعة النحتية الاستثنائية التي تعود إلى عصر الأسرة الرابعة في مصر القديمة، الملك ""منكاورع"" واقفاً بثقة وشموخ في المنتصف. وتحيط به شخصيتان أنثويتان قويتان: المعبودة العظيمة ""حتحور""، وتجسيد لإلهة أحد الأقاليم المصرية (المقاطعات). يرمز هذا الثالوث المهيب إلى الارتباط الأبدي للفرعون بالآلهة والخصوبة الدائمة والرخاء الذي يعم مملكته.
 الخامات وبراعة الصنع
 يعود تاريخ هذه التحفة الفنية إلى الفترة ما بين 2530 و2500 قبل الميلاد تقريباً، وقد نُحتت بدقة وعناية فائقة من كتلة واحدة صلبة من الحجر الداكن، والذي يُرجح أنه حجر الشست أو الجرايواكي. ويعكس الملمس الناعم للتمثال والنسب الواقعية الدقيقة البراعة المطلقة والمعايير الفنية الرفيعة التي حققها النحاتون المصريون القدماء خلال عصر الدولة القديمة.
 الاكتشاف ومقر العرض الحالي
 يُعد هذا الثالوث واحداً من مجموعة تماثيل مشابهة ومشهورة تم اكتشافها داخل معبد الوادي الملحق بهرم الملك منكاورع في هضبة الجيزة. واليوم، تُعرض هذه القطعة الأثرية ذات الأهمية التاريخية الكبرى بكل فخر أمام الزوار ضمن المقتنيات العريقة في المتحف المصري بالقاهرة.",The Egyptian Museum,Statue,23
Meryre and Iniuia,ميريري وإينويا,"​Overview and Historical Significance
 This exquisite painted limestone statue depicts Meryre standing lovingly alongside his wife, Iniuia. Dating back to the 18th Dynasty, Meryre holds a prominent place in history as he served as the High Priest of Aten during the transformative and revolutionary Amarna Period. Because private statuary from this specific era is exceptionally rare, this masterpiece is considered highly valuable and historically significant.
 ​Artistic Mastery and Details
 The sculpture stands as a brilliant testament to the artistic mastery of ancient Egyptian craftsmen. It beautifully showcases vivid, well-preserved colors and remarkably detailed facial features, capturing the intimate, devoted, and lifelike essence of the couple with extraordinary precision.
 ​Current Location
 Having survived millennia to tell the story of a dramatic religious shift in ancient Egypt, this rare and captivating masterpiece is now safely housed and proudly displayed for visitors at the Grand Egyptian Museum (GEM) in Giza.","نبذة عامة والأهمية التاريخية
 يصور هذا التمثال الرائع المنحوت من الحجر الجيري الملون ""مري رع"" جنباً إلى جنب مع زوجته ""إنيويا"". يعود تاريخ هذا الأثر إلى عصر الأسرة الثامنة عشرة، ويحظى ""مري رع"" بمكانة بارزة في التاريخ حيث شغل منصب الكاهن الأكبر للإله ""آتون"" خلال فترة ""العمارنة"" الانتقالية والثورية. ونظراً للندرة الشديدة في التماثيل الخاصة بالأفراد من هذه الحقبة تحديداً، يُعد هذا الأثر ذا قيمة تاريخية واستثنائية بالغة.
 البراعة الفنية والتفاصيل
 يقف هذا النحت كشاهد مبهر على البراعة الفنية التي تمتع بها الحرفيون في مصر القديمة. فهو يبرز بوضوح الألوان الزاهية المحفوظة بعناية والملامح الدقيقة والواقعية جداً للوجوه، مما يجسد الجوهر الحميمي والنابض بالحياة للزوجين بدقة متناهية تخطف الأنظار.
 مقر العرض الحالي
 بعد أن صمدت لآلاف السنين لتروي قصة واحدة من أكثر الفترات الدينية إثارة في مصر القديمة، تُعرض هذه التحفة الفنية النادرة والآسرة الآن بكل فخر أمام الزوار في المتحف المصري الكبير بالجيزة (GEM).",The Grand Egyptian Museum,Statue,24
Middle Coffin of King Tutankhamun,التابوت الأوسط للملك توت عنخ آمون,"Overview and Nested Design
 Resting within a massive stone sarcophagus, this masterpiece is the second in a set of three nested anthropoid (human-shaped) coffins. The middle coffin serves as a sacred bridge between the outermost wooden coffin and the innermost solid gold vessel. Together, these intricately crafted reliquaries created layer upon layer of divine protection for the legendary boy king before his actual body was revealed.
 Materials and Craftsmanship
 Crafted primarily from gilded wood, this breathtaking artifact showcases extraordinary ancient artistry. It is elaborately inlaid with multicolored glass paste and semi-precious stones, including lapis lazuli blue, carnelian red, and turquoise green. the appearance of shimmering enamel, lending it a radiant vibrancy as though the vessel itself were alive.
 Iconography and Symbolism
 The coffin features an idealized, serene visage of the youthful king framed by the traditional striped nemes headdress. Upon his brow rest the royal uraeus (cobra) and vulture emblems, signifying his supreme dominion over Upper and Lower Egypt. Across his chest, he firmly clasps the crook and flail—the ancient insignia of Osirian kingship. The surface is richly decorated with protective goddesses spreading their wings around the king's body, accompanied by magical inscriptions invoking eternal divine guardianship.
 A Historical Mystery and Current Location
 Interestingly, scholars have noted subtle features suggesting this masterpiece may not have been originally crafted for Tutankhamun. It was likely adapted from funerary stock intended for another royal figure of the Amarna line. Despite this adaptation, it remains a magnificent resting place fit for eternity. Today, this captivating treasure is proudly displayed alongside the rest of the pharaoh's collection at the Grand Egyptian Museum (GEM) in Giza.","نبذة عامة وتصميم التوابيت المتداخلة
 يستقر هذا التابوت المذهل داخل التابوت الحجري ليكون الثاني ضمن مجموعة مكونة من ثلاثة توابيت تتخذ شكل الإنسان، وموضوعة داخل بعضها البعض. يمثل التابوت الأوسط حلقة الوصل المقدسة بين التابوت الخشبي الخارجي والتابوت الداخلي المصنوع من الذهب الخالص، ليشكلا معاً طبقات متتالية من الحماية الإلهية لجسد الملك الشاب الأسطوري.
 الخامات وبراعة الصنع
 صُنع هذا الأثر الاستثنائي بشكل أساسي من الخشب المُذهب، ويعكس براعة فنية منقطعة النظير. تم تطعيمه بعناية فائقة بعجينة الزجاج متعددة الألوان والأحجار شبه الكريمة، بما في ذلك أزرق اللازورد، وأحمر العقيق، وأخضر الفيروز. تمنح هذه الخامات النابضة بالحياة التابوت مظهراً لامعاً يشبه طلاء المينا، وكأنه يشع بالحياة رغم كونه أثراً جنائزياً.
 الرمزية الفنية والدينية
 يُظهر التابوت الوجه الهادئ والمثالي للملك الشاب، محاطاً بغطاء الرأس المخطط المعروف بـ ""النمس"". ويتوج جبهته رمزا حية الكوبرا (الصل الملكي) والنسر، تعبيراً عن سيطرته المطلقة على مصر العليا والسفلى. يقبض الملك بيمينه ويساره على صولجان ""الحكا"" والمذبة متقاطعين على صدره، وهما الشارات التقليدية للملكية الأوزيرية. ويتزين سطح التابوت بنقوش بارزة لإلهات الحماية اللاتي يفردن أجنحتهن حول جسد الملك، إلى جانب نصوص سحرية تضمن له الحراسة الإلهية الأبدية.
 لغز تاريخي ومقر العرض
 من المثير للاهتمام أن العلماء لاحظوا بعض التفاصيل الفنية التي تشير إلى أن هذا التابوت ربما لم يُصنع في الأصل للملك توت عنخ آمون، بل تم تعديله من أثاث جنائزي مخصص لشخصية ملكية أخرى من حقبة ""العمارنة"". ورغم ذلك، يظل التابوت تحفة فنية لا تقدر بثمن. يُعرض هذا الكنز الفريد حالياً ضمن المجموعة الكاملة للملك الذهبي في المتحف المصري الكبير بالجيزة.",The Grand Egyptian Museum,Statue,25
Mosaic of Queen Berenice II,فسيفساء الملكة برنيكي الثانية,"Overview and Divine Subject
 This exquisite mosaic portrait depicts Queen Berenice II, the esteemed wife of King Ptolemy III. Dating back to approximately 200 BC, it was originally discovered at the ancient archaeological site of Thmuis (Mendes). The queen is beautifully portrayed with goddess-like features and adorned with a complex crown, strongly suggesting her divine identification with the great Egyptian goddess Isis.
 Artistic Technique and Craftsmanship
 The masterpiece is a spectacular example of opus vermiculatum, a highly sophisticated and meticulous mosaic technique. By utilizing incredibly tiny, precisely cut tesserae (colored tiles), the artist achieved a stunningly detailed, painterly effect that brings the royal portrait to life. Adding to its immense historical rarity, the artwork is proudly signed by its creator, the artist Sophilos, whose name is visibly inscribed directly above the portrait.
 Current Location
 Today, this mesmerizing piece of ancient Hellenistic-Egyptian artistry is carefully preserved and prominently showcased within the esteemed collections of the Graeco-Roman Museum in Alexandria.","نبذة عامة والشخصية الملكية
 تصور لوحة الفسيفساء الرائعة هذه الملكة ""برنيكي الثانية""، الزوجة المبجلة للملك ""بطليموس الثالث"". يعود تاريخ هذا الأثر إلى حوالي عام 200 قبل الميلاد، وقد اكتُشف في الأصل في منطقة ""تيمويس"" (مندس القديمة) الأثرية. تظهر الملكة بملامح إلهية ساحرة مرتدية تاجاً معقداً، مما يشير بقوة إلى ارتباطها وتجسيدها للمعبودة المصرية العظيمة ""إيزيس"".
 التقنية الفنية وبراعة الصنع
 تُعد هذه التحفة الفنية مثالاً مذهلاً على تقنية ""أوبوس فيرميكيولاتوم"" (Opus Vermiculatum)، وهي تقنية فسيفساء شديدة التعقيد. فمن خلال استخدام قطع صغيرة جداً ومقصوصة بدقة متناهية من البلاط الملون، تمكن الفنان من تحقيق تأثير تصويري غني بالتفاصيل يشبه اللوحات المرسومة بالفرشاة لتنبض اللوحة بالحياة. ومما يضيف إلى القيمة التاريخية والنادرة لهذا العمل، أنه يحمل توقيع صانعه، الفنان ""سوفيلوس""، والذي نُقش اسمه بفخر أعلى اللوحة الملكية.
 مقر العرض الحالي
 اليوم، تُحفظ هذه القطعة الأثرية الساحرة التي تمثل روعة الفن الهلنستي المصري بعناية فائقة، وتُعرض بكل فخر ضمن المقتنيات المرموقة للمتحف اليوناني الروماني بمدينة الإسكندرية.",Greco-Roman Museum,Stele,26
Narmer Palette,لوحة نارمر (صلاية نعرمر),"Overview and Historical Significance 
 Dating back to approximately 3100 BCE, the Narmer Palette is a highly significant ceremonial artifact and a cornerstone of ancient Egyptian history. It is widely considered one of the earliest historical documents in the world, serving as a monumental record of the unification of Upper and Lower Egypt under the rule of King Narmer. Furthermore, it holds immense linguistic importance, as it features some of the earliest known hieroglyphic inscriptions ever discovered.
 Material and Design
 This extraordinary artifact is a shield-shaped cosmetic palette, masterfully carved from a solid piece of dark green siltstone. Measuring approximately 64 centimeters in height, its intricate reliefs and symbolic imagery were not intended for everyday cosmetic use, but rather meticulously crafted to commemorate a defining and victorious moment in the birth of the pharaonic civilization.
 Current Location
 Today, this priceless masterpiece of the Early Dynastic Period is safely preserved and proudly displayed as a foundational artifact of Egyptian history at the Egyptian Museum in Cairo.","نبذة عامة والأهمية التاريخية
 تعود ""لوحة نارمر"" (المعروفة أيضاً بصلاية نارمر) إلى حوالي عام 3100 قبل الميلاد، وتُعد قطعة أثرية احتفالية بالغة الأهمية وحجر الأساس لتاريخ مصر القديمة. تُصنف هذه اللوحة عالمياً كواحدة من أقدم الوثائق التاريخية في العالم، حيث تخلد ذكرى الحدث الأهم وهو توحيد مصر العليا والسفلى تحت حكم الملك ""نارمر"". كما تحمل اللوحة أهمية لغوية وثقافية كبرى لاحتوائها على بعض من أقدم النقوش الهيروغليفية التي تم اكتشافها على الإطلاق.
 الخامات والتصميم
 صُمم هذا الأثر العظيم على هيئة درع استُخدم كلوحة (صلاية) لمزج مستحضرات التجميل، ونُحت ببراعة من حجر الغرين (السلت) الأخضر الداكن. يبلغ ارتفاع اللوحة حوالي 64 سنتيمتراً، ولم تكن نقوشها البارزة المعقدة ورموزها مخصصة للاستخدام اليومي، بل صُنعت خصيصاً لتخليد لحظة حاسمة وانتصار تاريخي مهد لميلاد الحضارة الفرعونية.
 مقر العرض الحالي
 اليوم، تُحفظ هذه التحفة الفنية التي لا تقدر بثمن، والتي تمثل نقطة الانطلاق لعصر الأسرات المبكر، بعناية فائقة وتُعرض بكل فخر كأحد أهم المقتنيات في المتحف المصري بالقاهرة.",The Egyptian Museum,Stele,27
Unknown,غير معروف,Unknown,غير معروف,Unknown,Other,28
Outer Coffin of King Tutankhamun,التابوت الخارجي للملك توت عنخ آمون,"Overview and Scale
 The outermost coffin of Tutankhamun is the largest of the three nested anthropoid (human-shaped) coffins that once held the boy king's mummy. While the innermost coffin is renowned for its solid gold composition, this outer vessel was designed for sheer monumental scale and ultimate divine protection, measuring an impressive 224 centimeters (7.3 feet) in length.
 Materials and Royal Design
 Crafted from durable cedar wood, the coffin is covered with a layer of gesso (plaster) and masterfully finished with radiant gold foil. The design depicts the pharaoh in the guise of Osiris, the god of the afterlife. His arms are crossed over his chest, firmly grasping the sacred royal insignia: the crook and the flail. Uniquely, the coffin features sturdy silver handles that were originally used to lower and lift the heavy lid.
 A Touching Floral Tribute
 Discovered in November 1922 by Howard Carter in the Valley of the Kings, this was the first layer encountered inside the massive stone sarcophagus. When first opened, archaeologists found a small, poignant floral wreath made of olive leaves and cornflowers draped around the vulture and cobra insignia on the king's forehead—a tender, surviving remnant of the young pharaoh's funeral.
 Restoration and Current Location
 Unlike the inner coffins which were moved to Cairo decades ago, the outermost coffin remained inside the king’s tomb in Luxor for nearly a century. In 2019, it was finally transported to the Grand Egyptian Museum (GEM) in Giza for its first-ever comprehensive restoration since its discovery. It is now proudly reunited and displayed alongside the other two coffins, completing the awe-inspiring Tutankhamun collection.","نبذة عامة والحجم الضخم
 يُعد التابوت الخارجي لتوت عنخ آمون هو الأكبر حجماً ضمن مجموعة التوابيت الثلاثة المتداخلة التي اتخذت الشكل الآدمي واحتضنت مومياء الملك الشاب. وفي حين يشتهر التابوت الداخلي بأنه مصنوع من الذهب الخالص، صُمم هذا التابوت الخارجي بحجم ضخم خصيصاً لتوفير أقصى درجات الحماية الإلهية، حيث يبلغ طوله المذهل حوالي 224 سنتيمتراً.
 الخامات والتصميم الملكي
 صُنع التابوت من خشب الأرز المتين المُغطى بطبقة من الجص (الجيسو) ومكسو برقائق الذهب اللامعة. يصور التصميم الفرعون في هيئة الإله ""أوزوريس"" إله العالم الآخر، حيث تتقاطع ذراعاه على صدره ممسكاً بالشارات الملكية المقدسة: صولجان ""الحكا"" والمذبة. والمميز في هذا التابوت أنه تم تزويد غطائه بمقابض فضية قوية كانت تُستخدم لرفعه وإنزاله.
 إكليل الزهور الوداعي
 اكتشف ""هوارد كارتر"" هذا التابوت في نوفمبر 1922، وكان هو الطبقة الأولى التي ظهرت داخل التابوت الحجري الضخم. وعند فتحه لأول مرة، عُثر على إكليل زهور رقيق ومؤثر يتكون من أوراق الزيتون وزهور القنطريون، وُضع حول رمزي النسر وحية الكوبرا على جبهة الملك، ليكون بمثابة أثر عاطفي خالد من مراسم تشييع جنازة الفرعون الشاب.
 الترميم ومقر العرض الحالي
 على عكس التابوتين الآخرين اللذين نُقلا إلى القاهرة منذ عقود، ظل التابوت الخارجي داخل مقبرة الملك في وادي الملوك بالأقصر لقرابة قرن من الزمان. وفي عام 2019، تم نقله أخيراً إلى المتحف المصري الكبير بالجيزة (GEM) لإجراء أول عملية ترميم شاملة له منذ اكتشافه. واليوم، يعُرض التابوت بفخر جنباً إلى جنب مع التابوتين الآخرين لتكتمل بذلك مجموعة الملك توت عنخ آمون المذهلة.",The Grand Egyptian Museum,Statue,29
Colossal Statue of Pharaoh Akhenaten,التمثال الضخم للفرعون أخناتون,"Overview and The Religious Revolution
 This colossal sandstone statue represents King Akhenaten, formerly known as Amenhotep IV, who ruled during the 18th Dynasty (circa 1353–1336 BCE). He is historically renowned for initiating one of the most profound religious revolutions in ancient Egypt, radically shifting the kingdom's worship away from the traditional gods and towards a single deity: the sun disc, Aten.
 The Amarna Art Style
 The sculpture is a striking masterpiece that brilliantly highlights the unique artistic style characteristic of the Amarna Period. Boldly breaking away from idealized pharaonic norms, it features the signature elongated facial structure, narrow eyes, and stylized proportions that Akhenaten introduced to completely redefine royal representation.
 Discovery and Current Location
 Originally standing as an imposing figure in the sprawling Temple of the Aten at Karnak, this monumental piece survived centuries of subsequent attempts to erase the revolutionary pharaoh's legacy. Today, this captivating and highly significant artifact is safely housed and prominently displayed for visitors at the Egyptian Museum in Cairo.","نبذة عامة والثورة الدينية
 يُجسد هذا التمثال الضخم المصنوع من الحجر الرملي الملك ""أخناتون""، المعروف سابقاً باسم ""أمنحتب الرابع""، والذي حكم خلال عصر الأسرة الثامنة عشرة (حوالي 1353-1336 قبل الميلاد). يشتهر هذا الفرعون تاريخياً بقيادته لواحدة من أهم وأكبر الثورات الدينية في مصر القديمة، حيث حول مسار العبادة في المملكة بالكامل نحو إله واحد وهو قرص الشمس ""آتون"".
 طراز العمارنة الفني
 يُعد هذا النحت تحفة فنية تلفت الأنظار، حيث يبرز بوضوح الأسلوب الفني الفريد والمميز لما يُعرف بـ ""عصر العمارنة"". فبعيداً عن الأنماط المثالية والتقليدية للفراعنة، يتميز التمثال باستطالة الوجه، والعيون الضيقة، والنسب الجسدية غير المعتادة التي ابتكرها أخناتون لإعادة صياغة قواعد النحت الملكي.
 الاكتشاف ومقر العرض الحالي
 كان هذا الأثر الضخم ينتصب شامخاً في الأصل داخل معبد ""آتون"" الشاسع في منطقة الكرنك، وقد نجح في الصمود لقرون طويلة رغم كل محاولات طمس إرث هذا الفرعون الاستثنائي. واليوم، يُحفظ هذا التمثال التاريخي الآسر بعناية فائقة ويُعرض بكل فخر أمام الزوار في المتحف المصري بالقاهرة.",The Egyptian Museum,Statue,30
Prince Rahotep and his wife Nofret,الأمير رع حتب وزوجته نفرت,"Overview and Discovery
 These incredibly lifelike statues depict Prince Rahotep and his wife, Nofret, prominent and highly esteemed figures from the Fourth Dynasty of ancient Egypt. This breathtaking painted limestone masterpiece was famously discovered in 1871 by the French archaeologist Albert Auguste Mariette, perfectly preserved within their mastaba tomb at the Meidum archaeological site.
 Artistic Features and Conventions
 The sculpture stands as a brilliant showcase of ancient Egyptian artistic mastery and traditional conventions. The figures are meticulously painted with vivid, remarkably preserved colors. Prince Rahotep is depicted with a reddish-brown skin tone, while Nofret features a pale yellowish-beige tone. This deliberate color distinction strictly adhered to the traditional artistic norms of the Old Kingdom, representing the active, outdoor life of men and the indoor, sheltered life of noble women.
 Current Location
 Having retained their mesmerizing gaze and vibrant colors for over four millennia, these exceptionally rare and captivating original statues are now safely housed and prominently displayed for visitors at the Egyptian Museum in Cairo.","نبذة عامة والاكتشاف
 يصور هذا العمل الفني النابض بالحياة الأمير ""رع حتب"" وزوجته ""نُفرت""، وهما من الشخصيات البارزة والمرموقة في عصر الأسرة الرابعة في مصر القديمة. اكتُشفت هذه التحفة المذهلة المصنوعة من الحجر الجيري الملون في عام 1871 على يد عالم الآثار الفرنسي ""ألبرت أوغست مارييت""، حيث عُثر عليها محفوظة بحالة ممتازة داخل مقبرتهما (المصطبة) في منطقة ميدوم الأثرية.
 السمات الفنية والتقاليد
 يُعد هذا النحت عرضاً عبقرياً للبراعة الفنية والتقاليد الصارمة في مصر القديمة. لُونت التماثيل بعناية فائقة بألوان زاهية ومحفوظة بشكل مذهل؛ حيث صُور الأمير ""رع حتب"" بلون بشرة أحمر مائل للبني، في حين ظهرت ""نُفرت"" بلون بشرة أصفر شاحب. ويُعد هذا التباين اللوني المتعمد تطبيقاً دقيقاً للتقاليد الفنية لعصر الدولة القديمة، والتي كانت تميز بين طبيعة حياة الرجال العملية في الخارج وحياة نساء النبلاء داخل القصور.
 مقر العرض الحالي
 بعد أن احتفظا بنظراتهما الساحرة وألوانهما الزاهية لأكثر من أربعة آلاف عام، يُحفظ هذان التمثالان الأصليان النادران الآن بعناية فائقة، ويُعرضان بكل فخر أمام الزوار في المتحف المصري بالقاهرة.",The Egyptian Museum,Statue,31
Pyramidion of Queen Hatshepsut's Obelisk,قُريميد (قمة) مسلة الملكة حتشبسوت,"Overview and Discovery
 This magnificent red granite pyramidion, or capstone, originally crowned an imposing obelisk erected by the legendary Queen Hatshepsut at the sprawling Karnak Temple Complex. This highly significant architectural artifact was famously discovered in 1861, found resting in the area directly behind King Thutmose III's grand Hall of Festivals.
 Royal Offering and Symbolism
 The intricately carved artifact features a powerful scene depicting the female pharaoh in a devoted kneeling pose. She is portrayed as an offering king presenting sacred gifts before a supreme deity, highly likely Amun-Re. This profound imagery was deliberately designed to further solidify her divine right to rule and showcase her deep religious devotion.
 Current Location
 Once piercing the sky above ancient Thebes to catch the first rays of the sun, this monumental capstone is now safely preserved and proudly displayed as a key highlight for visitors at the Grand Egyptian Museum (GEM) in Giza.","نبذة عامة والاكتشاف
 كانت هذه القمة الهرمية الرائعة (القُريميد) المصنوعة من الجرانيت الأحمر تتوج يوماً ما مسلة ضخمة شيدتها الملكة ""حتشبسوت"" في مجمع معابد الكرنك الشاسع. اكتُشفت هذه القطعة المعمارية والتاريخية البالغة الأهمية في عام 1861، حيث عُثر عليها في المنطقة الواقعة خلف صالة الاحتفالات الكبرى الخاصة بالملك ""تحتمس الثالث"".
 التقدمة الملكية والرمزية
 يتميز هذا الأثر المنحوت بدقة بمشهد قوي يصور الفرعون الأنثى في وضع الركوع التعبدي. وتظهر الملكة في هيئة الحاكم الذي يقدم القرابين أمام معبود عظيم، يُرجح بقوة أنه الإله ""آمون رع""، وهو تجسيد فني صُمم خصيصاً لتعزيز شرعية حكمها وإبراز ارتباطها الإلهي وتقواها العميقة.
 مقر العرض الحالي
 بعد أن كانت هذه القمة الضخمة تعانق سماء مدينة طيبة القديمة لتستقبل أشعة الشمس الأولى، تُحفظ الآن بعناية فائقة وتُعرض بكل فخر كواحدة من القطع الأثرية البارزة والمبهرة لزوار المتحف المصري الكبير بالجيزة (GEM).",The Grand Egyptian Museum,Statue,32
Ramesses II as a child protected by the god Hauron,رمسيس الثاني طفلاً تحت حماية الإله حورون,"Overview and Childhood Representation
 This monumental granite statue dating back to the 19th Dynasty (approximately 1279–1213 BCE) depicts the legendary Pharaoh Ramesses II in a remarkably unique state—as a young child. He is shown unclothed with his finger gently placed to his mouth, beautifully executing the traditional ancient Egyptian artistic convention used for representing childhood and youth.
 Divine Protection and The Visual Rebus
 The young king is depicted under the towering, protective figure of the Canaanite sun god Hauron, manifested in the form of a magnificent falcon. Brilliantly, this sculpture acts as a clever visual rebus, or a three-dimensional hieroglyphic puzzle, directly spelling out the king's own name. The sun disk resting on his head represents ""Ra,"" the figure of the child symbolizes ""mes"" (meaning ""born of""), and the protective falcon completes the intricate royal title.
 Discovery and Current Location
 Originally discovered amidst the ruins of the ancient capital of Tanis, this highly symbolic and masterfully crafted artifact offers a fascinating glimpse into the divine messaging and artistic ingenuity of the pharaohs. Today, this extraordinary piece of ancient history is safely housed and prominently displayed for visitors at the Egyptian Museum in Cairo.","نبذة عامة والتجسيد الطفولي
 يصور هذا التمثال الجرانيتي الضخم، الذي يعود تاريخه إلى عصر الأسرة التاسعة عشرة (حوالي 1279-1213 قبل الميلاد)، الفرعون العظيم ""رمسيس الثاني"" في هيئة فريدة وغير معتادة كطفل صغير. ويظهر الملك عارياً واضعاً إصبعه في فمه، وهو الأسلوب الفني الكلاسيكي والمتعارف عليه في مصر القديمة للتعبير عن مرحلة الطفولة والصبا ببراعة شديدة.
 الحماية الإلهية واللغز البصري
 يُجسد التمثال الملك الشاب وهو يحظى برعاية وحماية الإله الكنعاني ""حورون""، والذي يظهر خلفه في هيئة صقر ضخم. وتكمن العبقرية الفنية الحقيقية لهذه القطعة في كونها تشكل ""لغزاً بصرياً"" أو تجسيداً ثلاثي الأبعاد لاسم الملك نفسه؛ حيث يمثل قرص الشمس فوق رأسه كلمة ""رع""، ويمثل الطفل كلمة ""مس"" (بمعنى وليد أو المولود)، بينما يكمل الصقر المعنى، ليُقرأ التمثال بالكامل كاسم الملك ""رع-مس-سو"".
 الاكتشاف ومقر العرض الحالي
 تم اكتشاف هذا الأثر الرمزي بالغ الأهمية وسط أطلال العاصمة القديمة ""تانيس"" (صان الحجر بمدينة الشرقية)، وهو يقدم دليلاً ملموساً على الابتكار الفني والرسائل الدينية الخفية للفراعنة. واليوم، تُحفظ هذه التحفة الفنية الاستثنائية بعناية فائقة وتُعرض بكل فخر أمام الزوار في المتحف المصري بالقاهرة.",The Egyptian Museum,Statue,33
Colossal Statue of Emperor Marcus Aurelius,التمثال الضخم للإمبراطور ماركوس أوريليوس,"Overview and Imperial Portraiture
 This magnificent colossal statue depicts the renowned Roman Emperor Marcus Aurelius. Standing as a highly significant example of Roman artistic style and classical imperial portraiture, the monument powerfully highlights the deep-rooted Roman history and rich cultural heritage present in ancient Egypt during the classical era.
 Military Attire and Symbolism
 The emperor is masterfully depicted in full, commanding military attire. He is shown proudly wearing an intricately detailed cuirass, or breastplate, elegantly draped with a traditional Roman cloak. This imposing and majestic representation was deliberately designed to project military might, unyielding authority, and the supreme power of the Roman Empire across its territories.
 Current Location
 Serving as a remarkable testament to the cultural integration of the classical world, this extraordinary historical artifact is now safely preserved. It is proudly showcased as a captivating centerpiece for visitors among the distinguished collections of the Graeco-Roman Museum in Alexandria.","نبذة عامة والتجسيد الإمبراطوري
 يصور هذا التمثال الضخم والمهيب الإمبراطور الروماني الشهير ""ماركوس أوريليوس"". ويُعد هذا الأثر مثالاً بارزاً ومكتملاً لأسلوب الفن الروماني وفن النحت الإمبراطوري، حيث يسلط الضوء بقوة على عمق التاريخ الروماني والتراث الثقافي الكلاسيكي الغني الذي احتضنته مصر خلال تلك الحقبة الزمنية.
 الزي العسكري والرمزية
 يظهر الإمبراطور في هذا النحت ببراعة فائقة وهو يرتدي زيه العسكري الكامل والمهيب. حيث صُور مرتدياً درعاً للصدر (كيراس) غنياً بالتفاصيل الدقيقة، وتتدلى من فوقه العباءة الرومانية الكلاسيكية. صُمم هذا التجسيد القوي والصارم خصيصاً لإبراز البسالة العسكرية، والسلطة المطلقة، والنفوذ الواسع للإمبراطورية الرومانية في جميع أنحاء أراضيها.
 مقر العرض الحالي
 يقف هذا التمثال الاستثنائي كشاهد تاريخي مبهر على الاندماج الثقافي في العالم القديم. ويُحفظ هذا الأثر العظيم الآن بعناية فائقة، ليُعرض بكل فخر كقطعة مركزية تخطف الأنظار أمام زوار المتحف اليوناني الروماني بمدينة الإسكندرية.",Greco-Roman Museum,Statue,34
Marble Statue of Emperor Septimius Severus,تمثال رخامي للإمبراطور سبتيموس سيفيروس,"Overview and Imperial Origin
 This striking marble statue depicts Septimius Severus, historically celebrated and widely recognized as the first African-born Roman emperor. Produced between 193 and 200 CE, the monument stands as a powerful testament to the vast geographical reach and the remarkable diversity of leadership within the Roman Empire during its classical era.
 Military Attire and Vivid Colors
 The emperor is masterfully portrayed in a highly detailed military uniform, projecting an imposing image of formidable strength and martial authority. While the smooth marble now appears in its natural, unadorned state, this magnificent sculpture would originally have been brilliantly painted in vivid, lifelike colors to dramatically enhance its majestic presence and extreme realism.
 Current Location
 Originally excavated in the historic city of Alexandria, this captivating artifact is now safely preserved and proudly showcased as a key highlight for visitors at the Graeco-Roman Museum in Alexandria. It serves as a remarkable piece of classical antiquity, illustrating the deeply intertwined heritage of Egypt and the Roman world.","نبذة عامة والأصول الإمبراطورية
 يصور هذا التمثال الرخامي المذهل الإمبراطور ""سبتيموس سيفيروس""، والذي يُحتفى به تاريخياً كأول إمبراطور روماني من أصول أفريقية. صُنع هذا الأثر الهام في الفترة ما بين 193 و200 ميلادياً، ليقف كشاهد قوي على الاتساع الجغرافي الهائل والتنوع الثقافي الفريد في قيادة الإمبراطورية الرومانية خلال عصرها الكلاسيكي.
 الزي العسكري والألوان الزاهية
 صُور الإمبراطور ببراعة فائقة وهو يرتدي زيه العسكري الكامل والغني بالتفاصيل، مما يعكس بوضوح صورة صارمة للسلطة والقيادة الحازمة. وعلى الرغم من أن الرخام يظهر للناظرين الآن بلونه الطبيعي المألوف، إلا أن هذا النحت المهيب كان مطلياً في الأصل بألوان زاهية ونابضة بالحياة، صُممت خصيصاً لتعزيز هيبته وإضفاء لمسة من الواقعية الشديدة على ملامحه.
 مقر العرض الحالي
 تم اكتشاف واستخراج هذا الأثر الجذاب في مدينة الإسكندرية العريقة، ويُحفظ الآن بعناية فائقة ليُعرض بكل فخر كأحد المقتنيات الأساسية والبارزة أمام زوار المتحف اليوناني الروماني بالإسكندرية. ويروي هذا التمثال لزواره فصلاً مهماً من فصول التاريخ المشترك والروابط الثقافية العميقة التي جمعت بين مصر والعالم الروماني القديم.",Greco-Roman Museum,Statue,35
Seated Scribe,الكاتب الجالس,"Overview and Subject
 This remarkable masterpiece of ancient Egyptian art represents a high-ranking professional scribe diligently at work. He is famously depicted seated cross-legged, attentively holding a papyrus scroll resting on his lap, ready to write. This iconic and attentive pose highlights the immense respect and elevated social status granted to literate officials and scholars in ancient Egypt.
 Materials and Lifelike Details
 Dating back to the Fifth Dynasty of the Old Kingdom (approximately 2450–2325 BC), the statue is masterfully crafted from delicately painted limestone. Its most captivating and famous feature is the incredibly lifelike eyes. They are meticulously inlaid with polished rock crystal, magnesite, and copper, giving the figure an intense, intelligent, and remarkably realistic gaze that follows the viewer.
 Discovery and Current Location
 This extraordinary historical artifact was successfully unearthed in 1893 at the sprawling and ancient Saqqara necropolis. Today, this iconic symbol of ancient administration, knowledge, and wisdom is safely housed and proudly displayed for visitors at the Egyptian Museum in Cairo.","نبذة عامة والموضوع الأساسي
 يُعد هذا التمثال تحفة فنية رائعة من روائع الفن المصري القديم، وهو يجسد كاتباً محترفاً رفيع المستوى أثناء تأدية عمله. يظهر الكاتب في وضعه الشهير جالساً متربعاً، ويضع بانتباه شديد لفة من أوراق البردي مفرودة على حجره استعداداً للكتابة. يعكس هذا الوضع الأيقوني الاحترام الكبير والمكانة الاجتماعية المرموقة التي تمتع بها المتعلمون والمسؤولون في مصر القديمة.
 الخامات والتفاصيل النابضة بالحياة
 يعود تاريخ هذا الأثر إلى عصر الأسرة الخامسة في الدولة القديمة (حوالي 2450-2325 قبل الميلاد)، وقد نُحت ببراعة فائقة من الحجر الجيري الملون. وتعتبر العيون المطعمة هي السمة الأكثر سحراً وإبهاراً في هذا التمثال؛ حيث صُنعت بدقة مذهلة من الكريستال الصخري (البلور) والمغنيسيت والنحاس، مما يمنح التمثال نظرة ثاقبة وذكية وواقعية بشكل لا يُصدق وكأنه ينظر إليك مباشرة.
 الاكتشاف ومقر العرض الحالي
 تم استخراج هذه التحفة التاريخية الاستثنائية في عام 1893 من رمال جبانة سقارة الأثرية العريقة. واليوم، يُحفظ هذا الرمز الأيقوني للإدارة والحكمة القديمة بعناية فائقة، ويُعرض بكل فخر ليخطف أنظار زوار المتحف المصري بالقاهرة.",The Egyptian Museum,Statue,36
Silver coffin of King Psusennes I,التابوت الفضي للملك بسوسنيس الأول,"Overview and Historical Rarity
 This breathtaking artifact is the solid silver coffin of King Psusennes I, famously known to history as the ""Silver Pharaoh."" Dating back to Egypt's 21st Dynasty (approximately 1047–1001 B.C.), this masterpiece holds immense historical significance and rarity. During this specific era in ancient Egypt, silver was considerably rarer and more valuable than gold, making a coffin crafted entirely from this precious metal an extraordinary display of extreme wealth and power.
 Design and Royal Features
 The anthropoid, or mummy-shaped, coffin is a magnificent triumph of ancient metalwork. Contrasting beautifully with the gleaming solid silver body is an exquisite gold funerary mask. The mask depicts the king with serene, idealized facial features, elegantly framed by the traditional striped nemes headdress and crowned with the protective royal uraeus (the holy cobra).
 Discovery and Current Location
 This unparalleled royal treasure was successfully discovered in 1940 by the French archaeologist Pierre Montet, safely hidden within the untouched royal tombs of the ancient capital of Tanis. Today, this captivating and highly unique artifact is proudly housed and prominently displayed for visitors at the Egyptian Museum in Cairo.","نبذة عامة والندرة التاريخية
 يُعد هذا الأثر المذهل هو التابوت الفضي الخالص للملك ""بسوسنس الأول""، والذي عُرف في التاريخ بلقب ""الفرعون الفضي"". يعود تاريخ هذا التابوت إلى عصر الأسرة الحادية والعشرين (حوالي 1047-1001 قبل الميلاد)، ويحظى بأهمية تاريخية وندرة استثنائية؛ ففي تلك الحقبة من تاريخ مصر القديمة، كانت الفضة أندر بكثير وأعلى قيمة من الذهب، مما يجعل صنع تابوت بالكامل من هذا المعدن النفيس دليلاً قاطعاً على الثراء الفاحش والقوة المطلقة.
 التصميم والسمات الملكية
 يُعد هذا التابوت الذي يتخذ الشكل الآدمي (هيئة المومياء) إنجازاً مبهراً في فن صياغة المعادن القديمة. ومما يضفي تبايناً ساحراً مع الجسد الفضي اللامع، وجود قناع جنائزي ذهبي رائع يغطي الوجه. يُصور القناع الملك بملامح وجه مثالية وهادئة، تحيط بها أشرطة غطاء الرأس التقليدي المعروف بـ ""النمس""، وتتوج جبهته حية الكوبرا المقدسة (الصل الملكي) لتوفير الحماية الإلهية.
 الاكتشاف ومقر العرض الحالي
 تم اكتشاف هذا الكنز الملكي الذي لا مثيل له في عام 1940 على يد عالم الآثار الفرنسي ""بيير مونتيه""، حيث عُثر عليه محفوظاً بأمان داخل المقابر الملكية التي لم تُمس في العاصمة القديمة ""تانيس"" (صان الحجر). واليوم، تُحفظ هذه التحفة الفنية الآسرة والفريدة من نوعها بعناية فائقة، وتُعرض بكل فخر لتخطف أنظار زوار المتحف المصري بالقاهرة.",The Egyptian Museum,Statue,37
Sphinx of Queen Hatshepsut,تمثال أبو الهول للملكة حتشبسوت,"Overview and Royal Representation
 This imposing colossal statue portrays the legendary Queen Hatshepsut of the 18th Dynasty as a sphinx, masterfully blending a human head with a powerful lion's body. The sculpture represents the pharaoh in a state of absolute strength and wisdom, embodying the traditional royal attributes of a sovereign. It prominently features the queen with sacred royal regalia, including the protective uraeus (cobra) on her brow and the ceremonial false beard, symbols traditionally reserved for male pharaohs.
 Historical Origin and Context
 Created during the New Kingdom era, this masterpiece is one of several magnificent sphinxes originally designed to line the processional way and guard the grand entrances of Hatshepsut’s innovative mortuary temple at Deir el-Bahari. These statues were essential components of the temple's architectural splendor, designed to project her eternal authority and divine connection to the gods.
 Material and Current Location
 Exquisitely carved from durable and prestigious granite, the sculpture has endured for millennia as a testament to the high artistic standards of the 18th Dynasty. Today, this captivating symbol of female pharaonic power is safely preserved and prominently displayed among the premier collections of the Egyptian Museum in Cairo.","نبذة عامة والتمثيل الملكي
 يُصور هذا التمثال الضخم والمهيب الملكة الأسطورية ""حتشبسوت"" من الأسرة الثامنة عشرة في هيئة ""أبو الهول""، حيث يدمج ببراعة بين الرأس البشري وجسد الأسد القوي. يُعبر النحت عن الفرعون في حالة من القوة المطلقة والحكمة، مُجسداً الصفات الملكية التقليدية للحاكم. ويبرز التمثال الملكة وهي ترتدي الشارات الملكية المقدسة، بما في ذلك حية الكوبرا (الصل الملكي) على جبهتها واللحية المستعارة الاحتفالية، وهي رموز كانت مخصصة تقليدياً للفراعنة الرجال.
 الأصل التاريخي والسياق
 نُحتت هذه التحفة الفنية خلال عصر الدولة الحديثة، وهي واحدة من عدة تماثيل ""أبو هول"" رائعة صُممت في الأصل لتزيين طريق المواكب وحراسة المداخل المهيبة لمعبد حتشبسوت الجنائزي المبتكر في ""الدير البحري"". كانت هذه التماثيل عناصر أساسية في الروعة المعمارية للمعبد، وصُممت خصيصاً لإبراز سلطتها الأبدية وارتباطها الإلهي بالآلهة.
 الخامات ومقر العرض الحالي
 نُحت التمثال بدقة من حجر الجرانيت الصلب والمرموق، وقد صمد لآلاف السنين كشاهد على المعايير الفنية الرفيعة للأسرة الثامنة عشرة. واليوم، تُحفظ هذه القطعة الآسرة التي ترمز لقوة الفرعون الأنثى بعناية فائقة، وتُعرض بكل فخر ضمن المجموعات الرئيسية والمميزة في المتحف المصري بالقاهرة.",The Egyptian Museum,Sphinx,38
Sphinx of Ramses II and Merenptah,تمثال أبو الهول لرمسيس الثاني ومرنبطاح,"Overview and Royal Power
 This remarkable historical artifact depicts the mythical sphinx, a creature masterfully combining a human head with a powerful lion's body. In ancient Egypt, this form served as a supreme representation of royal power and divine protection, portraying the pharaoh as a guardian of the kingdom possessing both human intelligence and feline strength.
 The Legacy of Two Pharaohs
 Dating back to the 19th Dynasty of the New Kingdom, this particular sculpture is historically unique and fascinating because it bears the royal names of two different pharaohs. It features the inscriptions of the legendary Ramesses II and was later inscribed by his son and successor, King Merenptah. This dual branding offers a rare glimpse into how royal monuments were sometimes shared or passed down between successive rulers to maintain a continuous line of divine authority.
 Current Location
 Standing as a grand testament to the 19th Dynasty's monumental legacy, this captivating sphinx is now safely preserved and prominently showcased within the Grand Egyptian Museum (GEM) in Giza. Located near the Great Pyramids, it stands as a key highlight for visitors exploring the world's largest archaeological museum.","نبذة عامة والقوة الملكية
 يصور هذا الأثر التاريخي المتميز كائن ""أبو الهول"" الأسطوري، وهو مخلوق يجمع ببراعة بين الرأس البشري وجسد الأسد القوي. كان هذا الشكل في مصر القديمة يمثل الرمز الأسمى للقوة الملكية والحماية الإلهية، حيث يظهر الفرعون كحارس للمملكة يجمع بين ذكاء الإنسان وقوة الأسد.
 إرث ملكين في تمثال واحد
 يعود تاريخ هذا النحت إلى عصر الأسرة التاسعة عشرة في الدولة الحديثة، وما يجعله فريداً ومثيراً للاهتمام تاريخياً هو أنه يحمل الأسماء الملكية لملكين مختلفين؛ حيث نُقش عليه اسم الملك الأسطوري ""رمسيس الثاني""، ولاحقاً نُقش عليه اسم ابنه وخليفته الملك ""مرنبتاح"". يقدم هذا النقش المزدوج لمحة نادرة عن كيفية مشاركة الآثار الملكية أو توريثها بين الحكام المتعاقبين للحفاظ على استمرارية السلطة الإلهية.
 مقر العرض الحالي
 يقف هذا التمثال كشاهد عظيم على الإرث الضخم للأسرة التاسعة عشرة، ويُحفظ الآن بعناية فائقة ويُعرض بكل فخر داخل المتحف المصري الكبير بالجيزة (GEM). ويعد التمثال، الواقع على مقربة من الأهرامات العظيمة، أحد القطع البارزة التي تخطف أنظار زوار أكبر متحف أثري في العالم.",The Grand Egyptian Museum,Sphinx,39
The sacred Apis Bull,عجل آبيس المقدسة,"Overview and Symbolic Power
 This life-size basalt statue depicts the sacred Apis Bull, the most significant sacred animal in ancient Egyptian religion. Representing supreme fertility, physical strength, and vital energy, Apis was believed to be an intermediary between humans and the gods. The bull is majestically portrayed with a sun-disk and a rearing cobra (uraeus) positioned between its horns—divine symbols representing cosmic power and solar protection.
 Imperial Dedication and Cultural Fusion
 Produced during the Roman period, this particular statue holds a unique historical story. It was dedicated by the Roman Emperor Hadrian to the god Serapis in Alexandria, showcasing the deep respect Roman rulers held for Egyptian traditions and their efforts to integrate with the local spiritual landscape. The use of dark, durable basalt reflects the timeless and indestructible nature of this sacred deity.
 Current Location
 Today, this magnificent representation of ancient belief is safely preserved and prominently showcased within the Graeco-Roman Museum in Alexandria. It stands as a powerful testament to the enduring legacy of Egyptian religious icons and their continued importance throughout the Graeco-Roman era.","نبذة عامة والرمزية
 يُصور هذا التمثال المصنوع من حجر البازلت وبحجم طبيعي ""العجل أبيس"" المقدس، وهو أهم الحيوانات المقدسة في ديانة مصر القديمة. كان ""أبيس"" رمزاً للخصوبة المطلقة، والقوة البدنية، والطاقة الحيوية، وكان يُعتقد أنه وسيط بين البشر والآلهة. ويظهر العجل في هيئة مهيبة، حيث يتوسط قرنيه قرص الشمس وحية الكوبرا (الصل الملكي)، وهي رموز إلهية تمثل القوة الكونية والحماية الشمسية.
 الإهداء الإمبراطوري والاندماج الثقافي
 يعود هذا التمثال إلى العصر الروماني ويحمل قصة تاريخية فريدة؛ حيث أهداه الإمبراطور الروماني ""هادريان"" للإله ""سيرابيس"" في الإسكندرية. يعكس هذا الإهداء الاحترام العميق الذي كنه الأباطرة الرومان للتقاليد المصرية، وحرصهم على الاندماج مع الموروث الروحي للبلاد. كما يعكس اختيار حجر البازلت الداكن والمتين الرغبة في إظهار الطبيعة الخالدة لهذا المعبود.
 مقر العرض الحالي
 تُحفظ هذه القطعة الرائعة التي تجسد العقيدة المصرية القديمة بعناية فائقة، وتُعرض حالياً بكل فخر داخل المتحف اليوناني الروماني بالإسكندرية. ويقف التمثال كشاهد قوي على الإرث الدائم للأيقونات الدينية المصرية واستمرار مكانتها الرفيعة عبر العصور اليونانية والرومانية.",Greco-Roman Museum,Statue,40