Offer ID,Sponsor Name,Title (English),Title (Localized),Description (English),Description (Localized),Terms and Conditions (English) 'NULLABLE',Terms and Conditions (Localized) 'NULLABLE',Discount Amount 'NULLABLE',Discount Percentage 'NULLABLE',Start Validity Period,End Validity Period,Max Redemptions 'NULLABLE',PromoCode 'NULLABLE'
OFFER-001,Koshary Abou Tarek,Loyalty Koshary Deal,عرض الكشري الدائم,Get a free extra-large koshary when you order two regular-sized portions.,احصل على كشري كبير مجاني عند طلب حجمين عاديين.,One free portion per visit. Dine-in only.,حصة مجانية واحدة لكل زيارة. للأكل داخل المطعم فقط.,,0%,01/05/2026,31/12/2026,500,KOSHARY2GET1
OFFER-002,Koshary Abou Tarek,Student Discount,خصم الطلاب,Show your student ID and enjoy 10% off your entire order.,أرِ بطاقتك الطلابية واستمتع بخصم 10% على طلبك كامله.,Valid with a valid student ID only.,ساري ببطاقة طالب سارية فقط.,,10%,01/05/2026,31/12/2026,,STUDENT10
OFFER-003,Felfela Restaurant,Historic Cairo Tasting Menu,قائمة تذوق القاهرة التاريخية,Enjoy a curated 3-course Egyptian tasting menu for two at a special price of 350 EGP.,استمتع بقائمة تذوق مصرية من 3 أطباق لشخصين بسعر مميز 350 جنيه مصري.,Valid for dine-in only. Reservations recommended. Not valid on public holidays.,للأكل داخل المطعم فقط. يُنصح بالحجز المسبق. غير ساري في الأعياد الرسمية.,350,,01/05/2026,30/09/2026,200,FELFELA350
OFFER-004,Felfela Restaurant,Weekday Lunch Special,عرض غداء أيام الأسبوع,Get 15% off your lunch bill Sunday through Thursday between 12:00 PM and 3:00 PM.,احصل على خصم 15% على فاتورة غدائك من الأحد إلى الخميس بين 12:00 ظهراً و3:00 عصراً.,Valid Sun–Thu only. Not valid on public holidays or in combination with other offers.,ساري الأحد–الخميس فقط. غير ساري في الأعياد أو مع عروض أخرى.,,15%,01/05/2026,31/12/2026,,LUNCH15
OFFER-005,Abou El Sid Restaurant,Romantic Nile Dinner,عشاء النيل الرومانسي,Celebrate with a complimentary dessert platter for two on any dinner booking of 500 EGP or more.,احتفل بطبق حلويات مجاني لشخصين عند أي حجز عشاء بقيمة 500 جنيه أو أكثر.,One complimentary dessert platter per table. Valid for dinner service only (after 7 PM). Reservations required.,طبق حلويات مجاني واحد لكل طاولة. للعشاء فقط (بعد 7 مساءً). الحجز مطلوب.,0,,01/05/2026,30/09/2026,150,ABOU500
OFFER-006,Abou El Sid Restaurant,Weekend Brunch Discount,خصم برانش عطلة نهاية الأسبوع,Enjoy 15% off our full brunch menu every Friday and Saturday.,استمتع بخصم 15% على قائمة البرانش الكاملة كل جمعة وسبت.,Valid Fri–Sat only. Cannot be combined with other offers. Dine-in only.,ساري الجمعة–السبت فقط. لا يُدمج مع عروض أخرى. للأكل داخل المطعم فقط.,,15%,01/05/2026,31/12/2026,300,BRUNCH15
OFFER-007,Zooba,Egyptian Street Food Combo,كومبو الأكل الشعبي المصري,Order any two main dishes and get a free traditional Egyptian drink (karkade or tamarind).,اطلب أي طبقين رئيسيين واحصل على مشروب مصري تقليدي مجاني (كركديه أو تمر هندي).,One free drink per order. Valid for dine-in and takeaway.,مشروب مجاني واحد لكل طلب. صالح للأكل داخل المطعم والتيك أواي.,0,,01/05/2026,31/12/2026,400,ZOOBA2GO
OFFER-008,Zooba,App Order Discount,خصم طلب التطبيق,Get 20% off your first order when you place it through the Zooba app.,احصل على خصم 20% على طلبك الأول عند تقديمه عبر تطبيق زوبا.,Valid for first-time app orders only. One use per account.,صالح لأول طلب عبر التطبيق فقط. استخدام واحد لكل حساب.,,20%,01/05/2026,31/12/2026,,ZOOBAAPP20
OFFER-009,Cairo Marriott Hotel,Weekend Nile View Stay,إقامة عطلة نهاية الأسبوع بإطلالة النيل,Book a weekend stay (Fri–Sat) and enjoy 20% off the standard room rate plus complimentary breakfast for two.,احجز إقامة نهاية الأسبوع (جمعة–سبت) واستمتع بخصم 20% على سعر الغرفة العادي مع إفطار مجاني لشخصين.,Booking must be made at least 3 days in advance. Subject to room availability. Non-refundable.,يجب الحجز قبل 3 أيام على الأقل. يخضع لتوافر الغرف. غير قابل للاسترداد.,,20%,01/05/2026,31/12/2026,100,MARRIOTT20
OFFER-010,Cairo Marriott Hotel,Dining Credit for Hotel Guests,رصيد طعام لنزلاء الفندق,Stay 2 nights or more and receive a 300 EGP dining credit to use at any of our hotel restaurants.,أقم ليلتين أو أكثر واحصل على رصيد طعام بقيمة 300 جنيه تستخدمه في أي من مطاعم الفندق.,Credit valid during stay only. Cannot be exchanged for cash. Minimum 2-night stay required.,الرصيد صالح خلال الإقامة فقط. لا يُستبدل بنقود. يشترط الإقامة ليلتين كحد أدنى.,300,,01/05/2026,31/12/2026,150,MARRIOTT300
OFFER-011,Sofitel Cairo Nile El Gezirah,Luxury Spa & Stay Package,باقة السبا والإقامة الفاخرة,Book any room for 2+ nights and receive a complimentary 60-minute couple's spa session valued at 800 EGP.,احجز أي غرفة لليلتين أو أكثر واحصل على جلسة سبا للأزواج مجانية لمدة 60 دقيقة بقيمة 800 جنيه.,Spa session must be booked in advance. Subject to availability. Non-transferable.,يجب حجز جلسة السبا مسبقاً. يخضع للتوافر. غير قابل للتحويل.,800,,01/05/2026,30/09/2026,80,SOFITELSPA
OFFER-012,Sofitel Cairo Nile El Gezirah,Early Bird Room Offer,عرض الحجز المبكر,Book your room at least 7 days in advance and save 25% off the standard rate.,احجز غرفتك قبل 7 أيام على الأقل ووفر 25% من السعر العادي.,Advance booking of 7+ days required. Non-refundable. Subject to availability.,يشترط الحجز المسبق قبل 7 أيام. غير قابل للاسترداد. يخضع للتوافر.,,25%,01/05/2026,31/12/2026,200,SOFITEL25
OFFER-013,Kempinski Nile Hotel,Fine Dining at Osmanly,تناول الطعام الراقي في عثمانلي,"Enjoy a 3-course dinner for two at the award-winning Osmanly Restaurant for a special price of 1,200 EGP including a welcome drink.","استمتع بعشاء من 3 أطباق لشخصين في مطعم عثمانلي الحائز على جوائز بسعر مميز 1,200 جنيه مع مشروب ترحيبي.",Reservation required. Valid for dinner only (from 7 PM). Not valid on public holidays.,الحجز مطلوب. للعشاء فقط (من 7 مساءً). غير ساري في الأعياد الرسمية.,1200,,01/05/2026,30/09/2026,100,OSMANLY1200
OFFER-014,Kempinski Nile Hotel,Room Upgrade for Tourists,ترقية الغرفة للسياح,"Present your valid tourist/visit visa at check-in and receive a complimentary one-category room upgrade, subject to availability.",قدِّم تأشيرة السياحة أو الزيارة السارية عند تسجيل الدخول واحصل على ترقية مجانية بفئة واحدة للغرفة، يخضع للتوافر.,One upgrade per booking. Subject to availability at check-in. Cannot be combined with other promotions.,ترقية واحدة لكل حجز. يخضع للتوافر عند تسجيل الدخول. لا يُدمج مع عروض أخرى.,0,,01/05/2026,31/12/2026,,KEMPINSKIUP
OFFER-015,Memphis Tours,Pyramids & Egyptian Museum Day Tour,جولة يوم الأهرامات والمتحف المصري,Book our classic Cairo day tour and receive 15% off the published price when you use this promo code.,احجز جولة القاهرة الكلاسيكية ليوم واحد واحصل على خصم 15% من السعر المنشور عند استخدام هذا الرمز الترويجي.,Discount applies to standard day tour package only. Not valid on private or custom tours.,الخصم على باقة الجولة اليومية العادية فقط. غير ساري على الجولات الخاصة أو المخصصة.,,15%,01/05/2026,31/12/2026,250,MEMPHIS15
OFFER-016,Memphis Tours,Nile Cruise Add-On Discount,خصم إضافة رحلة نيلية,Add a Nile cruise to any Cairo tour package and save 200 EGP off the combined booking price.,أضف رحلة نيلية إلى أي باقة جولة قاهرة ووفر 200 جنيه من سعر الحجز المدمج.,Must be booked as a combined package in a single transaction. Cannot be split across multiple bookings.,يجب الحجز كباقة مدمجة في معاملة واحدة. لا يُقسَّم على حجوزات متعددة.,200,,01/05/2026,31/12/2026,150,NILECRUISE200
OFFER-017,El Fishawy Café,Historic Khan El Khalili Tea Set,طقم شاي خان الخليلي التاريخي,Order two hot beverages and receive a complimentary traditional Egyptian pastry sampler on us.,اطلب مشروبين ساخنين واحصل على تشكيلة مجانية من الحلويات المصرية التقليدية على حسابنا.,One pastry sampler per table. Dine-in only.,تشكيلة حلويات واحدة لكل طاولة. للأكل داخل المقهى فقط.,0,,01/05/2026,31/12/2026,600,FISHAWY2TEA
OFFER-018,El Fishawy Café,Tourist Welcome Discount,خصم ترحيب السياح,Show your foreign passport or tourist visa and enjoy 10% off your entire bill.,أرِ جواز سفرك الأجنبي أو تأشيرة سياحتك واستمتع بخصم 10% على فاتورتك كاملة.,Valid with foreign passport or tourist visa only. One use per visit.,ساري بجواز سفر أجنبي أو تأشيرة سياحية فقط. استخدام واحد لكل زيارة.,,10%,01/05/2026,31/12/2026,,TOURIST10
OFFER-019,Café Riche,Intellectual's Afternoon Set,طقم العصاري الثقافي,Order any hot drink and a main dish and receive 50 EGP off your total bill — a nod to our heritage as Cairo's legendary meeting place for artists and thinkers.,اطلب أي مشروب ساخن وطبقاً رئيسياً واحصل على خصم 50 جنيه من إجمالي فاتورتك، تكريماً لإرثنا بوصفنا ملتقى قاهرة الأسطوري للفنانين والمفكرين.,Valid Sun–Thu between 2:00 PM and 6:00 PM only. Dine-in only.,ساري الأحد–الخميس بين 2:00 عصراً و6:00 مساءً فقط. للأكل داخل المقهى فقط.,50,,01/05/2026,31/12/2026,400,RICHE50
OFFER-020,Café Riche,Group Gathering Discount,خصم التجمعات,Groups of 5 or more receive 15% off the total food and beverage bill.,المجموعات المكونة من 5 أشخاص أو أكثر تحصل على خصم 15% على إجمالي فاتورة الطعام والمشروبات.,Minimum 5 guests required. Valid for dine-in only. One discount per group per visit.,يشترط حضور 5 ضيوف كحد أدنى. للأكل داخل المقهى فقط. خصم واحد لكل مجموعة لكل زيارة.,,15%,01/05/2026,31/12/2026,,GROUP15
OFFER-021,Ramasside Tours,Private Cairo Tour Discount,خصم جولة القاهرة الخاصة,Book any private guided Cairo tour and receive 20% off the total price for groups of 2 to 4 people.,احجز أي جولة قاهرة خاصة مع مرشد واحصل على خصم 20% من السعر الكلي لمجموعات من شخصين إلى 4 أشخاص.,"Valid for private tours only. Minimum 2 guests, maximum 4 guests. Advance booking required.",صالح للجولات الخاصة فقط. حد أدنى شخصان وحد أقصى 4 أشخاص. الحجز المسبق مطلوب.,,20%,01/05/2026,31/12/2026,100,RAMTOUR20
OFFER-022,Ramasside Tours,Multi-Day Egypt Package Deal,عرض باقة مصر متعددة الأيام,Book any multi-day Egypt package (3 days or more) and save 500 EGP off the total package price.,احجز أي باقة مصرية متعددة الأيام (3 أيام أو أكثر) ووفر 500 جنيه من السعر الكلي للباقة.,Valid for packages of 3+ days only. Must be booked as a single package transaction. Non-refundable after confirmation.,صالح لباقات 3 أيام أو أكثر فقط. يجب الحجز كمعاملة باقة واحدة. غير قابل للاسترداد بعد التأكيد.,500,,01/05/2026,31/12/2026,80,RAM500PKG
OFFER-023,Steigenberger Hotel El Tahrir,Museum & Stay Package,باقة المتحف والإقامة,Book a 1-night stay and receive complimentary skip-the-line tickets to the Egyptian Museum for two guests (valued at 600 EGP).,احجز ليلة واحدة واحصل على تذكرتَي دخول مجانيتَين لتجاوز الطابور للمتحف المصري لشخصين (بقيمة 600 جنيه).,Tickets valid for the day of check-in or check-out only. Subject to availability.,التذاكر صالحة ليوم تسجيل الدخول أو الخروج فقط. يخضع للتوافر.,600,,01/05/2026,31/12/2026,120,TAHRIR600
OFFER-024,Steigenberger Hotel El Tahrir,Tahrir View Room Offer,عرض غرفة بإطلالة التحرير,Book a Tahrir Square-view room and enjoy 20% off the standard rate for stays of 2 nights or more.,احجز غرفة بإطلالة ميدان التحرير واستمتع بخصم 20% من السعر العادي للإقامات لمدة ليلتين أو أكثر.,Minimum 2-night stay required. Subject to room availability.,يشترط الإقامة ليلتين كحد أدنى. يخضع لتوافر الغرف.,,20%,01/05/2026,31/12/2026,100,TAHRIR20
OFFER-025,Kazaz Restaurant,Shawarma Feast Combo,كومبو وليمة الشاورما,Order 3 shawarma wraps and get the 4th one free.,اطلب 3 لفائف شاورما واحصل على الرابعة مجاناً.,Dine-in and takeaway valid. One free wrap per order.,صالح للأكل داخل المطعم والتيك أواي. لفيفة مجانية واحدة لكل طلب.,0,,01/05/2026,31/12/2026,800,KAZAZ3PLUS1
OFFER-026,Kazaz Restaurant,Lunchtime Rush Discount,خصم غداء ساعة الذروة,Get 10% off any order placed between 12:00 PM and 2:00 PM on weekdays.,احصل على خصم 10% على أي طلب بين 12:00 ظهراً و2:00 مساءً أيام الأسبوع.,"Valid Sun–Thu, 12:00 PM–2:00 PM only.",ساري الأحد–الخميس، 12:00 ظهراً–2:00 مساءً فقط.,,10%,01/05/2026,31/12/2026,,KAZAZ10
OFFER-027,Khufu's Restaurant,Pyramids Sunset Dinner,عشاء غروب الأهرامات,"Book our sunset dining window (5:00 PM–7:00 PM) and enjoy a 3-course meal for two with Pyramid views at a special rate of 1,500 EGP including welcome drinks.","احجز وجبة غروب الشمس (5:00–7:00 مساءً) واستمتع بوجبة من 3 أطباق لشخصين بإطلالة على الأهرامات بسعر مميز 1,500 جنيه مع مشروبات ترحيبية.",Reservation required 24 hours in advance. Valid Fri–Sun only. Includes welcome drinks but excludes alcoholic beverages.,الحجز مطلوب قبل 24 ساعة. ساري الجمعة–الأحد فقط. يشمل مشروبات ترحيبية دون الكحولية.,1500,,01/05/2026,30/09/2026,80,KHUFU1500
OFFER-028,Khufu's Restaurant,Pharaoh's Feast for Groups,وليمة الفرعون للمجموعات,Groups of 6 or more enjoy 15% off the total food bill plus a complimentary group photo with the Pyramids backdrop arranged by our team.,المجموعات من 6 أشخاص أو أكثر تستمتع بخصم 15% على إجمالي فاتورة الطعام مع صورة جماعية مجانية بخلفية الأهرامات ينظمها فريقنا.,Minimum 6 guests required. Photo service subject to staff availability. Reservation required.,يشترط 6 ضيوف كحد أدنى. خدمة الصور تخضع لتوافر الموظفين. الحجز مطلوب.,,15%,01/05/2026,31/12/2026,60,PHARAOH15
OFFER-029,Sachi Restaurant Heliopolis,Chef's Tasting Menu Offer,عرض قائمة تذوق الشيف,"Experience our premium 5-course tasting menu for two at a special rate of 2,000 EGP, saving 400 EGP off the regular price.","جرِّب قائمة تذوق الشيف الراقية من 5 أطباق لشخصين بسعر مميز 2,000 جنيه، وفر 400 جنيه من السعر العادي.",Reservation required at least 24 hours in advance. Excludes beverages.,الحجز مطلوب قبل 24 ساعة على الأقل. لا يشمل المشروبات.,400,,01/05/2026,30/09/2026,60,SACHITASTE
OFFER-030,Sachi Restaurant Heliopolis,Midweek Dining Discount,خصم العشاء منتصف الأسبوع,Enjoy 20% off your total food bill when dining Sunday through Wednesday.,استمتع بخصم 20% على إجمالي فاتورة طعامك عند تناول العشاء من الأحد حتى الأربعاء.,Valid Sun–Wed only. Dine-in only. Excludes beverages and special menu items.,ساري الأحد–الأربعاء فقط. للأكل داخل المطعم فقط. يستثني المشروبات والأصناف الخاصة.,,20%,01/05/2026,31/12/2026,,SACHI20
OFFER-031,Thomas Cook Egypt,Fayoum Day Trip Discount,خصم رحلة الفيوم اليومية,Book any Fayoum day trip package and receive 15% off the per-person price.,احجز أي باقة رحلة يوم الفيوم واحصل على خصم 15% من السعر للفرد.,Minimum 2 passengers per booking. Subject to availability.,حد أدنى راكبان لكل حجز. يخضع للتوافر.,,15%,01/05/2026,31/12/2026,200,TC15FAYOUM
OFFER-032,Thomas Cook Egypt,Egypt Multi-City Package,باقة مدن مصر المتعددة,"Book a multi-city Egypt package covering Cairo, Luxor, and Aswan and save 1,000 EGP off the total package price.","احجز باقة مصر متعددة المدن تشمل القاهرة والأقصر وأسوان ووفر 1,000 جنيه من السعر الكلي للباقة.","Must include all three cities: Cairo, Luxor, and Aswan. Non-refundable after booking confirmation.",يجب أن تشمل المدن الثلاث: القاهرة والأقصر وأسوان. غير قابل للاسترداد بعد تأكيد الحجز.,1000,,01/05/2026,31/12/2026,100,TC1000MULTI
OFFER-033,Fairmont Nile City Hotel,Romantic Nile Getaway,إجازة النيل الرومانسية,Book a Nile-view suite for 2 nights and receive a complimentary bottle of sparkling juice plus in-room romantic décor setup valued at 600 EGP.,احجز جناحاً بإطلالة على النيل لليلتين واحصل على زجاجة عصير فوار مجانية مع ديكور رومانسي داخل الغرفة بقيمة 600 جنيه.,Advance reservation required. Subject to suite availability. Décor setup must be requested at booking.,الحجز المسبق مطلوب. يخضع لتوافر الأجنحة. يجب طلب إعداد الديكور عند الحجز.,600,,01/05/2026,30/09/2026,50,FAIRNILE600
OFFER-034,Fairmont Nile City Hotel,Rooftop Pool Day Pass,تصريح حمام السباحة على السطح,Purchase a rooftop pool day pass for 300 EGP per person and receive a 150 EGP food and beverage credit to use at our poolside bar.,اشترِ تصريح يوم لحمام السباحة على السطح بـ 300 جنيه للفرد واحصل على رصيد طعام ومشروبات بقيمة 150 جنيه تستخدمه في بار حمام السباحة.,Day pass valid from 10:00 AM to 6:00 PM only. F&B credit cannot be exchanged for cash.,تصريح اليوم صالح من 10:00 صباحاً حتى 6:00 مساءً فقط. رصيد الطعام والمشروبات لا يُستبدل بنقود.,150,,01/05/2026,31/12/2026,200,FAIRPOOL300
OFFER-035,Four Seasons Hotel Cairo at Nile Plaza,Nile Plaza Luxury Stay,إقامة نايل بلازا الفاخرة,Book a 2-night stay and receive complimentary daily breakfast for two plus a 500 EGP spa credit per stay.,احجز إقامة ليلتين واحصل على إفطار يومي مجاني لشخصين مع رصيد سبا بقيمة 500 جنيه لكل إقامة.,Spa credit valid during stay only. Breakfast for two guests per room. Non-refundable.,رصيد السبا صالح خلال الإقامة فقط. الإفطار لشخصين لكل غرفة. غير قابل للاسترداد.,500,,01/05/2026,31/12/2026,80,FS500SPA
OFFER-036,Four Seasons Hotel Cairo at Nile Plaza,Advance Booking Reward,مكافأة الحجز المبكر,Book your room at least 14 days in advance and save 25% off the best available rate.,احجز غرفتك قبل 14 يوماً على الأقل ووفر 25% من أفضل سعر متاح.,Minimum 14-day advance booking required. Non-refundable. Cannot be combined with other promotions.,يشترط الحجز المسبق قبل 14 يوماً. غير قابل للاسترداد. لا يُدمج مع عروض أخرى.,,25%,01/05/2026,31/12/2026,150,FS25ADVANCE
OFFER-037,The Nile Ritz-Carlton Cairo,Heritage Luxury Package,باقة الإرث الفاخر,"Stay 3 nights and receive a complimentary guided private tour of the Egyptian Museum for two, arranged by our concierge team (valued at 1,200 EGP).","أقم 3 ليالٍ واحصل على جولة خاصة مجانية مع مرشد إلى المتحف المصري لشخصين ينظمها فريق الكونسيرج (بقيمة 1,200 جنيه).",Tour must be booked via hotel concierge. Minimum 3-night stay required. Subject to availability.,يجب حجز الجولة عبر كونسيرج الفندق. يشترط الإقامة 3 ليالٍ كحد أدنى. يخضع للتوافر.,1200,,01/05/2026,30/09/2026,40,RITZ3NIGHT
OFFER-038,The Nile Ritz-Carlton Cairo,Club Level Upgrade Offer,عرض ترقية مستوى الكلوب,"Book a Deluxe Nile View room and receive a complimentary upgrade to Club Level, including access to the exclusive Club Lounge with daily canapés and beverages.",احجز غرفة ديلوكس بإطلالة على النيل واحصل على ترقية مجانية إلى مستوى الكلوب مع الدخول إلى صالة الكلوب الحصرية بالمقبلات والمشروبات اليومية.,Subject to Club Level room availability at check-in. Non-transferable. One upgrade per booking.,يخضع لتوافر غرف مستوى الكلوب عند تسجيل الدخول. غير قابل للتحويل. ترقية واحدة لكل حجز.,0,,01/05/2026,31/12/2026,60,RITZCLUB
OFFER-039,InterContinental Cairo Semiramis,Sunset Nile Terrace Dining,عشاء تراس النيل عند الغروب,Dine at the iconic Nile Terrace during sunset hours (5:00–8:00 PM) and enjoy 20% off your food bill.,تناول العشاء في تراس النيل الأسطوري خلال ساعات الغروب (5:00–8:00 مساءً) واستمتع بخصم 20% على فاتورة طعامك.,"Valid Fri–Sun, 5:00–8:00 PM only. Dine-in only. Excludes beverages.",ساري الجمعة–الأحد، 5:00–8:00 مساءً فقط. للأكل داخل المطعم فقط. يستثني المشروبات.,,20%,01/05/2026,31/12/2026,200,SEMI20SUNSET
OFFER-040,InterContinental Cairo Semiramis,Stay & Explore Cairo Package,باقة أقم واستكشف القاهرة,"Book 2+ nights and receive a free half-day guided Cairo sightseeing tour for two, arranged by our concierge.",احجز ليلتين أو أكثر واحصل على جولة استكشافية نصف يوم مجانية مع مرشد في القاهرة لشخصين ينظمها كونسيرج الفندق.,Tour arranged by hotel concierge. Must be requested at check-in. Subject to guide availability.,الجولة ينظمها كونسيرج الفندق. يجب الطلب عند تسجيل الدخول. يخضع لتوافر المرشد.,0,,01/05/2026,31/12/2026,100,SEMI2STAY
OFFER-041,Khan El Khalili Restaurant & Naguib Mahfouz Café,Cultural Evening Experience,تجربة أمسية ثقافية,Book a table for two for dinner (minimum spend 600 EGP) and receive a complimentary traditional Arabic coffee and dessert served by our costumed staff.,احجز طاولة لشخصين للعشاء (حد أدنى للإنفاق 600 جنيه) واحصل على قهوة عربية تقليدية وحلوى مجانية يقدمها موظفونا بالزي التراثي.,Minimum spend of 600 EGP required. Reservation required. Dine-in only.,يشترط إنفاق 600 جنيه كحد أدنى. الحجز مطلوب. للأكل داخل المطعم فقط.,0,,01/05/2026,31/12/2026,300,KHALILI600
OFFER-042,Khan El Khalili Restaurant & Naguib Mahfouz Café,Bazaar Explorer Discount,خصم مستكشف البازار,Show your same-day Khan El Khalili shopping receipt (any amount) and enjoy 10% off your total dining bill.,أرِ إيصال تسوقك من خان الخليلي في نفس اليوم (بأي مبلغ) واستمتع بخصم 10% على إجمالي فاتورة طعامك.,Valid with same-day shopping receipt from any Khan El Khalili vendor. One discount per table per visit.,ساري بإيصال تسوق من أي تاجر في خان الخليلي في نفس اليوم. خصم واحد لكل طاولة لكل زيارة.,,10%,01/05/2026,31/12/2026,,BAZAAR10
OFFER-043,Gad Restaurant,Family Meal Deal,وجبة الأسرة,Order any 4 main dishes and get a free family-size soft drink (1.5L) on us.,اطلب أي 4 أطباق رئيسية واحصل على مشروب غازي عائلي مجاني (1.5 لتر) على حسابنا.,One free drink per order of 4+ mains. Valid for dine-in and takeaway.,مشروب مجاني واحد لكل طلب من 4 أطباق أو أكثر. صالح للأكل داخل المطعم والتيك أواي.,0,,01/05/2026,31/12/2026,1000,GAD4FAMILY
OFFER-044,Gad Restaurant,Morning Early Bird Breakfast,إفطار الباكر الصباحي,Order breakfast before 10:00 AM and receive 15% off your total breakfast bill.,اطلب الإفطار قبل 10:00 صباحاً واحصل على خصم 15% على إجمالي فاتورة إفطارك.,"Valid daily, before 10:00 AM only. Dine-in only.",ساري يومياً، قبل 10:00 صباحاً فقط. للأكل داخل المطعم فقط.,,15%,01/05/2026,31/12/2026,,GADEARLY15
OFFER-045,Zitouni Restaurant,Nile View Sunday Brunch,برانش الأحد بإطلالة النيل,"Enjoy our celebrated Sunday brunch with Nile views at a special rate of 850 EGP per person, saving 200 EGP off the regular price.",استمتع ببرانش الأحد الشهير بإطلالة على النيل بسعر مميز 850 جنيه للفرد، وفر 200 جنيه من السعر العادي.,Valid Sundays only. Reservation required 48 hours in advance. Price includes soft beverages only.,ساري أيام الأحد فقط. الحجز مطلوب قبل 48 ساعة. السعر يشمل المشروبات الغازية فقط.,200,,01/05/2026,31/12/2026,60,ZITOUNI850
OFFER-046,Zitouni Restaurant,Weekday Dinner for Two,عشاء يوم الأسبوع لشخصين,Book a weekday dinner table for two and enjoy a complimentary appetizer platter (valued at 300 EGP).,احجز طاولة عشاء ليوم أسبوع لشخصين واستمتع بطبق مقبلات مجاني (بقيمة 300 جنيه).,Valid Sun–Thu only. Reservation required. Dine-in only.,ساري الأحد–الخميس فقط. الحجز مطلوب. للأكل داخل المطعم فقط.,300,,01/05/2026,31/12/2026,120,ZITOUNI300
OFFER-047,Semiramis InterContinental The Grill,Aged Steak Night for Two,ليلة الستيك المعتق لشخصين,"Enjoy a 2-course steak dinner for two including a shared side and one house salad at a special price of 1,800 EGP.","استمتع بعشاء ستيك من طبقين لشخصين مع طبق جانبي مشترك وسلطة البيت بسعر مميز 1,800 جنيه.",Reservation required. Valid for dinner service only (from 7:30 PM). Excludes beverages.,الحجز مطلوب. لخدمة العشاء فقط (من 7:30 مساءً). يستثني المشروبات.,1800,,01/05/2026,30/09/2026,60,GRILL1800
OFFER-048,Semiramis InterContinental The Grill,Hotel Guest Dining Privilege,امتياز طعام نزلاء الفندق,Hotel guests receive 15% off the total food bill at The Grill when showing their room key card.,نزلاء الفندق يحصلون على خصم 15% من إجمالي فاتورة الطعام في ذا جريل عند إبراز بطاقة المفتاح.,Valid for registered hotel guests only. Must present valid room key. Not combinable with other offers.,صالح لنزلاء الفندق المسجلين فقط. يجب تقديم مفتاح الغرفة. لا يُدمج مع عروض أخرى.,,15%,01/05/2026,31/12/2026,,GUESTGRILL15
OFFER-049,Hilton Cairo Heliopolis,Airport Transit Stay Package,باقة الإقامة الترانزيت بالمطار,Book a room for 1 night within 24 hours of an international flight and enjoy 30% off the standard room rate.,احجز غرفة لليلة واحدة خلال 24 ساعة من رحلة دولية واستمتع بخصم 30% من سعر الغرفة العادي.,Must present international flight boarding pass or e-ticket at check-in. Valid for 1-night stays only.,يجب تقديم بطاقة صعود رحلة دولية أو التذكرة الإلكترونية عند تسجيل الدخول. صالح لإقامات ليلة واحدة فقط.,,30%,01/05/2026,31/12/2026,300,HILTON30TRANSIT
OFFER-050,Hilton Cairo Heliopolis,Loyalty Points Bonus Stay,إقامة مكافأة النقاط,Book directly through our website or app and earn double Hilton Honors points on your stay plus a complimentary late checkout until 2:00 PM.,احجز مباشرة عبر موقعنا أو تطبيقنا واكسب ضعف نقاط هيلتون أونرز على إقامتك مع مغادرة مجانية متأخرة حتى 2:00 ظهراً.,Direct booking required. Hilton Honors membership required. Late checkout subject to availability.,الحجز المباشر مطلوب. عضوية هيلتون أونرز مطلوبة. المغادرة المتأخرة يخضع للتوافر.,0,,01/05/2026,31/12/2026,,HILTONDIRECT
OFFER-051,Uber Egypt,First Ride to a Tourist Site,أول رحلة إلى موقع سياحي,Get 50 EGP off your first Uber ride to any registered Rafeeq tourist site in Cairo or Giza.,احصل على خصم 50 جنيه على أول رحلة أوبر إلى أي موقع سياحي مسجل في رفيق بالقاهرة أو الجيزة.,Valid for new Uber users only. One use per account. Applies to UberX and above only.,صالح للمستخدمين الجدد فقط. استخدام واحد لكل حساب. ينطبق على UberX فما فوق فقط.,50,,01/05/2026,31/12/2026,5000,RAFEEQ50
OFFER-052,Uber Egypt,Airport to Hotel Discount,خصم المطار إلى الفندق,"Enjoy 20% off any Uber ride from Cairo International Airport to any hotel in downtown Cairo, Garden City, or Zamalek.",استمتع بخصم 20% على أي رحلة أوبر من مطار القاهرة الدولي إلى أي فندق في وسط القاهرة أو جاردن سيتي أو الزمالك.,Valid for trips from Cairo International Airport only. Applies to UberX and above.,ساري للرحلات من مطار القاهرة الدولي فقط. ينطبق على UberX فما فوق.,,20%,01/05/2026,31/12/2026,3000,CAIROAIRPORT20
OFFER-053,Egypt Air,Domestic Flight Discount,خصم الرحلات الداخلية,"Book any domestic Egypt Air flight (Cairo–Luxor, Cairo–Aswan, or Cairo–Sharm El Sheikh) through the Rafeeq app and receive 10% off the ticket price.",احجز أي رحلة مصر للطيران الداخلية (القاهرة–الأقصر أو القاهرة–أسوان أو القاهرة–شرم الشيخ) عبر تطبيق رفيق واحصل على خصم 10% من سعر التذكرة.,Valid on Economy Class only. Subject to seat availability. Cannot be combined with other Egypt Air promotions.,صالح على الدرجة الاقتصادية فقط. يخضع لتوافر المقاعد. لا يُدمج مع عروض مصر للطيران الأخرى.,,10%,01/05/2026,31/12/2026,500,RAFEEQAIR10
OFFER-054,Egypt Air,Tourist Explorer Pass Discount,خصم باس المستكشف السياحي,Purchase an Egypt Air multi-city domestic pass (3 flights) and save 500 EGP off the combined ticket price.,اشترِ باس مصر للطيران متعدد المدن الداخلية (3 رحلات) ووفر 500 جنيه من السعر الإجمالي للتذاكر.,Valid for 3-flight domestic pass only. All flights must be booked in a single transaction.,صالح لباس 3 رحلات داخلية فقط. يجب حجز جميع الرحلات في معاملة واحدة.,500,,01/05/2026,31/12/2026,200,AIRPASS500
OFFER-055,Lazib Inn Resort & Spa,Lake Qarun Wellness Retreat,ريتريت العافية على بحيرة قارون,"Book 2 nights or more and receive a complimentary 60-minute spa treatment for two plus a guided felucca ride on Lake Qarun (combined value 1,200 EGP).","احجز ليلتين أو أكثر واحصل على جلسة سبا مجانية لمدة 60 دقيقة لشخصين مع رحلة فلوكة مصحوبة بمرشد على بحيرة قارون (قيمة مدمجة 1,200 جنيه).",Minimum 2-night stay required. Spa and felucca bookings must be arranged through hotel staff. Subject to availability.,يشترط الإقامة ليلتين كحد أدنى. يجب ترتيب السبا والفلوكة عبر موظفي الفندق. يخضع للتوافر.,1200,,01/05/2026,30/09/2026,40,LAZIBSPA1200
OFFER-056,Lazib Inn Resort & Spa,Fayoum Art & Stay Package,باقة فن الفيوم والإقامة,"Stay 1 night and receive a complimentary pottery class at the Fayoum Pottery School for two, arranged by the resort.",أقم ليلة واحدة واحصل على درس فخار مجاني في مدرسة الفيوم للفخار لشخصين ينظمه المنتجع.,Pottery class subject to school schedule and availability. Must be requested at booking.,درس الفخار يخضع لجدول المدرسة وتوافرها. يجب الطلب عند الحجز.,0,,01/05/2026,31/12/2026,80,LAZIBPOTTERY
OFFER-057,Venecia Resort & Spa,Qaroun Lakeview Suite Deal,عرض جناح بإطلالة بحيرة قارون,Book a lake-view suite and enjoy 25% off the standard rate for any midweek stay (Sun–Wed).,احجز جناحاً بإطلالة على البحيرة واستمتع بخصم 25% من السعر العادي لأي إقامة منتصف الأسبوع (الأحد–الأربعاء).,Midweek stays only (Sun–Wed). Subject to suite availability. Non-refundable.,للإقامات منتصف الأسبوع فقط (الأحد–الأربعاء). يخضع لتوافر الأجنحة. غير قابل للاسترداد.,,25%,01/05/2026,31/12/2026,100,VENECIA25
OFFER-058,Venecia Resort & Spa,Couple's Desert Escape,هروب الزوجين الصحراوي,Book our honeymoon or couple's suite for 2 nights and receive a complimentary private sunset dinner on the lakeside terrace (valued at 800 EGP).,احجز جناح شهر العسل أو الأزواج لليلتين واحصل على عشاء غروب خاص مجاني على تراس شاطئ البحيرة (بقيمة 800 جنيه).,Valid for couple's and honeymoon suite categories only. Dinner must be arranged 24 hours in advance.,صالح لفئتَي جناح الأزواج وشهر العسل فقط. يجب ترتيب العشاء قبل 24 ساعة.,800,,01/05/2026,30/09/2026,50,VENECIACOUPLE
OFFER-059,Tache By The Lake,Wadi El Rayan Explorer Package,باقة مستكشف وادي الريان,Book 1 night and receive a complimentary guided 4x4 safari to Wadi El Rayan waterfalls for two guests (valued at 600 EGP).,احجز ليلة واحدة واحصل على سفاري 4x4 مصحوبة بمرشد مجانية إلى شلالات وادي الريان لشخصين (بقيمة 600 جنيه).,Safari subject to weather and guide availability. Must be requested at check-in.,السفاري يخضع للطقس وتوافر المرشد. يجب الطلب عند تسجيل الدخول.,600,,01/05/2026,30/09/2026,80,TACHESAFARI
OFFER-060,Tache By The Lake,Weekday Escape Deal,عرض الهروب منتصف الأسبوع,Enjoy 20% off your room rate for stays booked Sunday through Wednesday.,استمتع بخصم 20% على سعر غرفتك للإقامات المحجوزة من الأحد إلى الأربعاء.,Midweek booking only (Sun–Wed check-in). Non-refundable.,الحجز منتصف الأسبوع فقط (تسجيل دخول الأحد–الأربعاء). غير قابل للاسترداد.,,20%,01/05/2026,31/12/2026,,TACHE20MID
OFFER-061,Kom El Dikka Agri Lodge,Farm-to-Table Dining Experience,تجربة طعام من المزرعة إلى المائدة,Book a farm lunch or dinner for two (minimum spend 400 EGP) and receive a free organic produce basket to take home (valued at 150 EGP).,احجز غداءً أو عشاءً من المزرعة لشخصين (حد أدنى للإنفاق 400 جنيه) واحصل مجاناً على سلة منتجات عضوية تأخذها معك (بقيمة 150 جنيه).,Minimum spend of 400 EGP required. Organic basket subject to seasonal availability.,يشترط إنفاق 400 جنيه كحد أدنى. سلة المنتجات العضوية تخضع للتوافر الموسمي.,150,,01/05/2026,31/12/2026,100,KOMFARM150
OFFER-062,Kom El Dikka Agri Lodge,Agri-Lodge Stay & Pottery,إقامة النزل الزراعي والفخار,Book any accommodation night and receive a complimentary 1-hour pottery introduction class at the on-site workshop.,احجز أي ليلة إقامة واحصل على درس تعريفي مجاني لمدة ساعة في الفخار في الورشة الداخلية.,One pottery session per booking. Session must be arranged with lodge staff upon arrival.,جلسة فخار واحدة لكل حجز. يجب ترتيب الجلسة مع موظفي النزل عند الوصول.,0,,01/05/2026,31/12/2026,120,KOMPOTTERY
OFFER-063,Ibis Restaurant & Cooking School,Farm Cooking Weekend,عطلة نهاية أسبوع الطبخ في المزرعة,Join our 2-day weekend cooking experience with Chef Markus and save 300 EGP off the published per-person price.,انضم إلى تجربة الطبخ على مدار يومين في نهاية الأسبوع مع الشيف ماركوس ووفر 300 جنيه من السعر المنشور للفرد.,Minimum 2 participants required. Full weekend (Fri–Sat) only. Booking must be made at least 1 week in advance.,يشترط مشاركة شخصين كحد أدنى. نهاية أسبوع كاملة (جمعة–سبت) فقط. يجب الحجز قبل أسبوع على الأقل.,300,,01/05/2026,30/09/2026,30,IBISCOOK300
OFFER-064,Ibis Restaurant & Cooking School,Lake View Lunch Special,عرض غداء بإطلالة البحيرة,Dine at Ibis for lunch and enjoy 15% off your food bill on any weekday visit.,تناول الغداء في إيبيس واستمتع بخصم 15% على فاتورة طعامك في أي زيارة أيام الأسبوع.,Valid Sun–Thu only. Dine-in only. Excludes cooking class packages.,ساري الأحد–الخميس فقط. للأكل داخل المطعم فقط. يستثني باقات دروس الطبخ.,,15%,01/05/2026,31/12/2026,,IBISLUNCH15
OFFER-067,Fayoum Hotel Armed Forces,Extended Stay Discount,خصم الإقامة الممتدة,"Stay 3 nights or more and receive 25% off the nightly rate for the entire stay, plus complimentary airport shuttle to Fayoum bus station.",أقم 3 ليالٍ أو أكثر واحصل على خصم 25% من السعر الليلي لكامل الإقامة مع مكوك مجاني إلى محطة حافلات الفيوم.,Minimum 3-night stay required. Shuttle service subject to availability and must be arranged at check-in.,يشترط الإقامة 3 ليالٍ كحد أدنى. خدمة المكوك تخضع للتوافر ويجب ترتيبها عند تسجيل الدخول.,,25%,01/05/2026,31/12/2026,80,ARMED25STAY
OFFER-068,Fayoum Hotel Armed Forces,Breakfast & Tour Bundle,باقة الإفطار والجولة,Book a room with breakfast and add any Fayoum day tour from our front desk at 100 EGP discount off the tour price.,احجز غرفة مع إفطار وأضف أي جولة يوم فيوم من مكتب الاستقبال بخصم 100 جنيه من سعر الجولة.,Tour discount applies to tours booked directly at hotel front desk only. Cannot be combined with other tour discounts.,خصم الجولة ينطبق على الجولات المحجوزة مباشرة من مكتب استقبال الفندق فقط. لا يُدمج مع خصومات جولات أخرى.,100,,01/05/2026,31/12/2026,150,ARMED100TOUR
OFFER-069,Explore Fayoum Tours,Desert Safari & Sandboarding,سفاري الصحراء والتزلج على الرمال,Book our desert safari and sandboarding adventure and receive 20% off when booking for a group of 3 or more.,احجز مغامرة سفاري الصحراء والتزلج على الرمال واحصل على خصم 20% عند الحجز لمجموعة من 3 أشخاص أو أكثر.,Minimum 3 guests per booking. Includes sandboard equipment and 4x4 driver-guide.,حد أدنى 3 ضيوف لكل حجز. يشمل معدات التزلج وسائق مرشد 4x4.,,20%,01/05/2026,31/12/2026,100,REALSAFARI20
OFFER-070,Explore Fayoum Tours,Birdwatching at Lake Qarun,مراقبة الطيور في بحيرة قارون,Book our birdwatching tour at Lake Qarun and receive a 150 EGP discount per person off the standard price.,احجز جولة مراقبة الطيور في بحيرة قارون واحصل على خصم 150 جنيه للفرد من السعر العادي.,Minimum 2 guests. Binoculars provided. Best Nov–Mar for migratory birds.,حد أدنى شخصان. المناظير متوفرة. الأفضل من نوفمبر إلى مارس لمشاهدة الطيور المهاجرة.,150,,01/05/2026,31/12/2026,80,REALBIRD150
OFFER-071,Wadi El Rayan Safari Camp,Overnight Desert Glamping,تخييم فاخر في الصحراء لليلة,Book an overnight glamping tent with dinner and breakfast included and save 300 EGP off the standard per-person rate.,احجز خيمة تخييم فاخر لليلة مع العشاء والإفطار وفر 300 جنيه من السعر العادي للفرد.,"Includes dinner, breakfast, and 1 sunset 4x4 dune ride. Minimum 2 guests per tent. Subject to weather conditions.",يشمل العشاء والإفطار وجولة كثبان 4x4 عند الغروب. حد أدنى شخصان لكل خيمة. يخضع لأحوال الطقس.,300,,01/05/2026,30/09/2026,50,RAYAN300CAMP
OFFER-072,Wadi El Rayan Safari Camp,Waterfall Day Adventure,مغامرة يوم الشلالات,Book our Wadi El Rayan waterfall day trip (sandboarding + boat ride + picnic lunch) and get 20% off for groups of 4 or more.,احجز رحلة يوم شلالات وادي الريان (تزلج على رمال + رحلة بالقارب + غداء بيكنيك) واحصل على خصم 20% لمجموعات من 4 أشخاص أو أكثر.,"Minimum 4 guests for group discount. Includes sandboard, boat, and picnic lunch. Excludes park entry fees.",حد أدنى 4 ضيوف للخصم الجماعي. يشمل التزلج والقارب وغداء البيكنيك. لا يشمل رسوم دخول المنتزه.,,20%,01/05/2026,31/12/2026,80,RAYANFALL20
OFFER-073,Trianon Cafe,Heritage Afternoon Discount,خصم جلسة العصر التراثية,Get 20% off all beverages and pastries during afternoon hours (2 PM – 6 PM).,احصل على خصم 20% على جميع المشروبات والمعجنات خلال ساعات العصر (2 م – 6 م).,"Valid Sun–Thu, 2 PM to 6 PM only. Not valid on public holidays.",ساري الأحد إلى الخميس، من 2 م إلى 6 م فقط. غير ساري في أيام العطل الرسمية.,,20%,01/05/2026,30/09/2026,500,TRIANON20
OFFER-074,Trianon Cafe,Classic Breakfast Deal,عرض الإفطار الكلاسيكي,Enjoy a free hot drink with any full breakfast order at Trianon's iconic Raml Station branch.,استمتع بمشروب ساخن مجاني مع أي طلب إفطار كامل في فرع محطة الرمل الشهير.,One free drink per table per visit. Valid for dine-in only.,مشروب واحد مجاني لكل طاولة في كل زيارة. ساري للجلوس داخل المطعم فقط.,,20%,01/05/2026,31/12/2026,400,TRIANON-BRK
OFFER-075,Delices Patisserie,Sweet Treat Bundle,باقة الحلويات المميزة,Buy any 3 pastries or dessert items and get the 4th one free.,اشترِ أي 3 قطع من المعجنات أو الحلويات واحصل على القطعة الرابعة مجاناً.,Items must be of equal or lesser value. Valid for takeaway and dine-in.,يجب أن تكون العناصر بقيمة مساوية أو أقل. ساري للتيك أواي والجلوس.,,25%,01/05/2026,30/09/2026,600,DELICES4FREE
OFFER-076,Delices Patisserie,Café & Cake Combo,كومبو القهوة والكيكة,Enjoy 15% off when you order any hot or cold drink paired with a dessert item.,احصل على خصم 15% عند طلب أي مشروب ساخن أو بارد مع أي قطعة حلوى.,,,,15%,15/05/2026,15/10/2026,800,DLCS-COMBO
OFFER-077,Mohamed Ahmed Restaurant,Foul & Falafel Feast,وليمة الفول والفلافل,Get 10% off your total bill on any order that includes our signature foul or falafel dishes.,احصل على خصم 10% على إجمالي فاتورتك عند طلب أي وجبة تشمل الفول أو الفلافل المميزة.,Valid for dine-in only. Cannot be combined with any other offer or promotion.,ساري للجلوس داخل المطعم فقط. لا يمكن دمجه مع أي عرض أو ترويج آخر.,,10%,01/05/2026,31/12/2026,1000,MHMD-FF
OFFER-078,Mohamed Ahmed Restaurant,Family Breakfast Saver,توفير إفطار العائلة,Groups of 4 or more get 15% off the total bill on any breakfast order.,مجموعات 4 أشخاص أو أكثر تحصل على خصم 15% على إجمالي الفاتورة عند طلب الإفطار.,Minimum 4 guests per table. Valid 6 AM – 11 AM only.,الحد الأدنى 4 ضيوف لكل طاولة. ساري من 6 ص حتى 11 ص فقط.,,15%,01/05/2026,30/09/2026,400,MHMD-FAM
OFFER-079,Greek Club Restaurant,Seafood Night Offer,عرض ليلة المأكولات البحرية,Enjoy 20% off on all seafood mains every Tuesday and Wednesday evening.,استمتع بخصم 20% على جميع الأطباق الرئيسية من المأكولات البحرية كل مساء الثلاثاء والأربعاء.,"Valid Tue & Wed, 6 PM onwards. Dine-in only. Subject to availability.",ساري الثلاثاء والأربعاء من 6 م فصاعداً. للجلوس فقط. حسب التوفر.,,20%,01/05/2026,30/09/2026,300,GREEK-SEA
OFFER-080,Greek Club Restaurant,Nile View Lunch Special,عرض غداء مع إطلالة بحرية,15% off all lunch orders placed between 12 PM and 4 PM from Saturday to Thursday.,خصم 15% على جميع طلبات الغداء من 12 م إلى 4 م من السبت إلى الخميس.,Dine-in only. Not valid on public holidays or special events.,للجلوس فقط. غير ساري أيام العطل الرسمية أو الفعاليات الخاصة.,,15%,15/05/2026,15/10/2026,350,GREEK-LUNCH
OFFER-081,Stefano's Restaurant,Fine Dining Date Night,عشاء رومانسي فاخر,"Couples dining at Stefano's receive 15% off the total bill, available every Thursday and Friday evening.",الأزواج الذين يتناولون العشاء في ستيفانوز يحصلون على خصم 15% على إجمالي الفاتورة، متاح كل مساء الخميس والجمعة.,Valid for 2 guests dining together. Dine-in only. Reservation recommended.,ساري لضيفين يتناولان الطعام معاً. للجلوس فقط. يُنصح بالحجز المسبق.,,15%,01/05/2026,31/12/2026,200,STEF-DATE
OFFER-082,Stefano's Restaurant,Truffle & Wine Lunch,غداء الكمأة والنبيذ,Enjoy a complimentary dessert with any 2-course lunch order (starter + main).,استمتع بحلوى مجانية مع أي طلب غداء من طبقين (مقبلات + الطبق الرئيسي).,Valid for lunch hours only (12 PM – 4 PM). Dine-in only. Dessert selection subject to availability.,ساري في ساعات الغداء فقط (12 م – 4 م). للجلوس فقط. اختيار الحلوى حسب التوفر.,,15%,01/08/2026,31/10/2026,150,STEF-LUNCH
OFFER-083,Four Seasons Hotel Alexandria,Luxury Stay Discount,خصم الإقامة الفاخرة,"Book a minimum 2-night stay and enjoy 15% off the room rate, plus complimentary late checkout until 2 PM.",احجز إقامة لمدة ليلتين على الأقل واستمتع بخصم 15% على سعر الغرفة مع تأخير مجاني في المغادرة حتى 2 م.,Valid for new bookings only. Cannot be combined with other promotions. Subject to availability.,ساري للحجوزات الجديدة فقط. لا يمكن دمجه مع عروض أخرى. حسب التوفر.,,15%,01/05/2026,30/09/2026,100,4S-STAY15
OFFER-084,Four Seasons Hotel Alexandria,Spa & Stay Package,باقة السبا والإقامة,Get 20% off spa treatments when booked alongside any room reservation of 1 night or more.,احصل على خصم 20% على علاجات السبا عند حجزها مع أي حجز غرفة لليلة واحدة أو أكثر.,Spa booking must be made at time of room reservation. Subject to spa availability.,يجب حجز السبا عند إجراء حجز الغرفة. حسب توفر السبا.,,20%,15/05/2026,15/10/2026,80,4S-SPA20
OFFER-085,Four Seasons Hotel Alexandria,Beachfront Dining Offer,عرض العشاء على الشاطئ,Enjoy 10% off at the hotel's beachfront restaurant for non-staying guests with advance reservation.,استمتع بخصم 10% في مطعم الفندق على الشاطئ للضيوف غير المقيمين مع حجز مسبق.,Advance reservation required. Valid for dinner service only (6 PM – 11 PM).,الحجز المسبق إلزامي. ساري لخدمة العشاء فقط (6 م – 11 م).,,10%,01/05/2026,31/12/2026,200,4S-BEACH
OFFER-086,Sheraton Alexandria Hotel,Weekend Getaway,عطلة نهاية الأسبوع,Book a Friday–Saturday stay and receive 20% off plus a complimentary breakfast for two.,احجز إقامة الجمعة–السبت واحصل على خصم 20% مع إفطار مجاني لشخصين.,Valid for Friday and Saturday nights only. Breakfast for 2 guests included. Subject to availability.,ساري ليالي الجمعة والسبت فقط. الإفطار مشمول لضيفين. حسب التوفر.,,20%,01/05/2026,30/09/2026,120,SHER-ALEX-WE
OFFER-087,Sheraton Alexandria Hotel,Business Traveler Rate,سعر رجل الأعمال,"Corporate guests enjoy 15% off room rates on weekday stays (Sunday–Thursday), including access to the business lounge.",يستمتع ضيوف الأعمال بخصم 15% على أسعار الغرف أيام الأسبوع (الأحد–الخميس) مع دخول مجاني لصالة الأعمال.,Valid Sun–Thu only. Must present company ID or business card at check-in.,ساري الأحد–الخميس فقط. يجب تقديم بطاقة الشركة أو بطاقة العمل عند تسجيل الوصول.,,15%,01/05/2026,31/12/2026,150,SHER-BIZ
OFFER-088,Hilton Alexandria Corniche,Sea View Room Upgrade,ترقية غرفة بإطلالة بحرية,"Book any standard room and receive a complimentary upgrade to a sea view room, subject to availability, plus 10% off dining at the hotel restaurant.",احجز أي غرفة عادية واحصل على ترقية مجانية لغرفة بإطلالة بحرية حسب التوفر، بالإضافة إلى خصم 10% على الطعام في مطعم الفندق.,Upgrade subject to availability at check-in. Dining discount valid during stay only.,الترقية حسب التوفر عند تسجيل الوصول. خصم الطعام ساري خلال الإقامة فقط.,,10%,01/05/2026,30/09/2026,100,HLTN-VIEW
OFFER-089,Hilton Alexandria Corniche,Beach Club Day Pass,تصريح يومي لنادي الشاطئ,"Non-staying guests can purchase a beach club day pass at 20% off, including access to the pool and private beach.",يمكن للضيوف غير المقيمين شراء تصريح يومي لنادي الشاطئ بخصم 20%، يشمل الوصول إلى المسبح والشاطئ الخاص.,Valid for non-staying guests only. Must be purchased in advance. Not valid on Egyptian public holidays.,ساري للضيوف غير المقيمين فقط. يجب الشراء مسبقاً. غير ساري في العطل الرسمية المصرية.,,20%,15/05/2026,15/09/2026,250,HLTN-BEACH
OFFER-090,Windsor Palace Hotel,Historic Stay Special,عرض الإقامة التاريخية,"Stay 2 nights and get the 3rd night at 50% off, while enjoying the iconic rooftop Skyroof lounge access.",أقم ليلتين واحصل على الليلة الثالثة بخصم 50%، مع دخول مجاني لصالة سكاي روف على السطح الشهيرة.,Nights must be consecutive. Skyroof access subject to operating hours and minimum spend.,الليالي يجب أن تكون متتالية. دخول سكاي روف حسب ساعات العمل والحد الأدنى للإنفاق.,,50%,01/05/2026,31/12/2026,80,WNDS-3RD
OFFER-091,Windsor Palace Hotel,Rooftop Dining Offer,عرض العشاء على السطح,Enjoy 15% off your total food and beverage bill at the Skyroof Lounge with any hotel room booking.,استمتع بخصم 15% على إجمالي فاتورة الطعام والمشروبات في سكاي روف مع أي حجز لغرفة فندقية.,Valid for hotel guests only during their stay. Dine-in at Skyroof only.,ساري لضيوف الفندق فقط خلال إقامتهم. للجلوس في سكاي روف فقط.,,15%,01/05/2026,31/12/2026,200,WNDS-ROOF
OFFER-092,Montazah Beach Club,Summer Beach Pass,تصريح شاطئ الصيف,Get 25% off day passes to Montazah Beach Club for groups of 3 or more.,احصل على خصم 25% على تصاريح اليوم لنادي شاطئ المنتزه لمجموعات من 3 أشخاص أو أكثر.,Minimum group size of 3. Valid July–September only. Not valid on Fridays and public holidays.,الحد الأدنى للمجموعة 3 أشخاص. ساري يوليو–سبتمبر فقط. غير ساري أيام الجمعة والعطل الرسمية.,,25%,01/05/2026,30/09/2026,500,MONT-GRP
OFFER-093,Montazah Beach Club,Early Bird Pass,تصريح الباكر,Purchase your beach pass before 10 AM and enjoy 20% off the standard day pass rate.,اشترِ تصريح الشاطئ قبل 10 ص واستمتع بخصم 20% على سعر تصريح اليوم العادي.,Valid for entry before 10 AM only. Non-transferable.,ساري للدخول قبل 10 ص فقط. غير قابل للتحويل.,,20%,01/05/2026,31/08/2026,600,MONT-EARLY
OFFER-094,Sky Roof Lounge,Sunset Cocktail Hour,ساعة كوكتيل الغروب,Enjoy 20% off all beverages ordered between 6 PM and 8 PM while watching the Alexandria sunset skyline.,استمتع بخصم 20% على جميع المشروبات المطلوبة بين 6 م و8 م أثناء مشاهدة أفق غروب الإسكندرية.,Valid Sun–Thu only. Minimum spend of EGP 200 per person applies.,ساري الأحد–الخميس فقط. يُطبق حد أدنى للإنفاق 200 جنيه للشخص.,,20%,01/05/2026,30/09/2026,400,SKY-SUNS
OFFER-095,Sky Roof Lounge,Table Reservation Bonus,مكافأة حجز الطاولة,Pre-book a table for 4 or more and receive 15% off your total food and beverage bill.,احجز طاولة لـ4 أشخاص أو أكثر مسبقاً واحصل على خصم 15% على إجمالي فاتورة الطعام والمشروبات.,Advance reservation required at least 24 hours prior. Valid for groups of 4+.,الحجز المسبق مطلوب قبل 24 ساعة على الأقل. ساري لمجموعات 4 أشخاص فأكثر.,,15%,01/05/2026,31/12/2026,300,SKY-TABLE
OFFER-096,Kadmar Travel Egypt,Visa Application Discount,خصم طلب التأشيرة,Get EGP 150 off the service fee on any Schengen or international visa application processed through Kadmar Travel.,احصل على خصم 150 جنيه على رسوم الخدمة لأي طلب تأشيرة شنغن أو دولية تتم معالجتها عبر كادمار ترافيل.,Valid for new visa applications only. Service fee discount does not include embassy or consulate fees.,ساري للطلبات الجديدة فقط. خصم رسوم الخدمة لا يشمل رسوم السفارة أو القنصلية.,150,,01/05/2026,31/12/2026,200,KADMAR-VISA
OFFER-097,Kadmar Travel Egypt,Group Tour Package Deal,عرض باقة الرحلات الجماعية,Groups of 6 or more booking any tour package receive 10% off the total package price.,المجموعات المكونة من 6 أشخاص أو أكثر التي تحجز أي باقة سياحية تحصل على خصم 10% على السعر الإجمالي للباقة.,"Minimum 6 passengers per booking. Discount applied to land arrangements only, excluding flights.",الحد الأدنى 6 ركاب لكل حجز. الخصم يُطبق على الترتيبات البرية فقط، باستثناء الرحلات الجوية.,,10%,01/05/2026,30/09/2026,50,KADMAR-GRP
OFFER-098,Alex City Travel,Alexandria Day Tour Discount,خصم جولة الإسكندرية اليومية,Book any Alexandria city day tour and receive 15% off the per-person rate.,احجز أي جولة يومية بالإسكندرية واحصل على خصم 15% على سعر الفرد.,Minimum 2 passengers. Advance booking required at least 48 hours prior to tour date.,الحد الأدنى راكبان. الحجز المسبق مطلوب قبل 48 ساعة على الأقل من تاريخ الجولة.,,15%,01/05/2026,31/12/2026,150,ALEX-DAY
OFFER-099,Alex City Travel,Airport Transfer Offer,عرض النقل من المطار,Book a round-trip airport transfer through Alex City Travel and get EGP 100 off the total price.,احجز نقل ذهاباً وإياباً من المطار عبر أليكس سيتي ترافيل واحصل على خصم 100 جنيه على السعر الإجمالي.,Valid for Alexandria Borg El Arab Airport only. Must be booked at least 24 hours in advance.,ساري لمطار الإسكندرية برج العرب فقط. يجب الحجز قبل 24 ساعة على الأقل.,100,,01/05/2026,31/12/2026,200,ALEX-XFER
OFFER-100,Round Trip Travel Tours,Honeymoon Package Offer,عرض باقة شهر العسل,Newlyweds booking any honeymoon package receive 15% off plus a complimentary room upgrade where available.,يحصل حديثو الزواج الذين يحجزون أي باقة شهر عسل على خصم 15% بالإضافة إلى ترقية مجانية للغرفة عند التوفر.,Proof of recent marriage required (within 3 months). Subject to hotel availability.,يجب تقديم ما يثبت حداثة الزواج (خلال 3 أشهر). حسب توفر الفندق.,,15%,01/05/2026,31/12/2026,60,RT-HONEY
OFFER-101,Round Trip Travel Tours,Early Booking Reward,مكافأة الحجز المبكر,Book any international travel package at least 60 days in advance and receive 10% off the total package price.,احجز أي باقة سفر دولية قبل 60 يوماً على الأقل واحصل على خصم 10% على السعر الإجمالي.,Booking must be confirmed and deposited at least 60 days before departure.,يجب تأكيد الحجز ودفع العربون قبل 60 يوماً على الأقل من تاريخ المغادرة.,,10%,01/05/2026,30/09/2026,100,RT-EARLY
OFFER-102,RTS El-Raghy Travel Services,Flight Ticket Discount,خصم تذكرة الطيران,Get EGP 200 off on any international flight ticket booked through RTS El-Raghy Travel Services.,احصل على خصم 200 جنيه على أي تذكرة طيران دولية محجوزة عبر آر تي إس الراغي لخدمات السفر.,"Valid for international tickets only. Discount applied per booking, not per passenger.",ساري للتذاكر الدولية فقط. الخصم يُطبق لكل حجز وليس لكل راكب.,200,,01/05/2026,31/12/2026,300,RTS-FLT
OFFER-103,RTS El-Raghy Travel Services,Nile Cruise Package Deal,عرض باقة رحلة النيل,Book any Nile cruise package and enjoy 12% off the total price for bookings of 2 passengers or more.,احجز أي باقة رحلة نيلية واستمتع بخصم 12% على السعر الإجمالي لحجوزات راكبين أو أكثر.,Minimum 2 passengers. Full payment required at time of booking.,الحد الأدنى راكبان. الدفع الكامل مطلوب عند الحجز.,,12%,01/05/2026,30/09/2026,80,RTS-NILE
OFFER-104,SEA Lounge San Stefano,Mediterranean Brunch Deal,عرض برانش البحر الأبيض المتوسط,Enjoy 20% off our weekend brunch menu every Friday and Saturday at SEA Lounge San Stefano.,استمتع بخصم 20% على قائمة برانش عطلة نهاية الأسبوع كل جمعة وسبت في سي لاونج سان ستيفانو.,"Valid Fri & Sat, brunch hours only (10 AM – 3 PM). Dine-in only.",ساري الجمعة والسبت، ساعات البرانش فقط (10 ص – 3 م). للجلوس فقط.,,20%,01/05/2026,30/09/2026,300,SEA-BRUNCH
OFFER-105,SEA Lounge San Stefano,Sunset Dining Experience,تجربة العشاء عند الغروب,Get 15% off your total bill when dining between 6 PM and 8 PM at our sea-facing lounge.,احصل على خصم 15% على إجمالي فاتورتك عند تناول الطعام بين 6 م و8 م في صالتنا المطلة على البحر.,Valid Sun–Thu only. Minimum spend of EGP 300 per person required.,ساري الأحد–الخميس فقط. حد أدنى للإنفاق 300 جنيه للشخص.,,15%,01/05/2026,31/12/2026,250,SEA-SUNST
OFFER-106,Cascada Cafe & Restaurant,Loyalty Lunch Discount,خصم غداء الولاء,"Enjoy 15% off any lunch order placed between 12 PM and 4 PM, every day of the week.",استمتع بخصم 15% على أي طلب غداء بين 12 م و4 م، كل أيام الأسبوع.,,,,15%,01/05/2026,31/12/2026,500,CSCD-LUNCH
OFFER-107,Cascada Cafe & Restaurant,Coffee & Dessert Combo,كومبو القهوة والحلوى,Order any hot or cold coffee drink and receive 25% off any dessert item.,اطلب أي مشروب قهوة ساخن أو بارد واحصل على خصم 25% على أي قطعة حلوى.,One dessert discount per person per visit.,خصم حلوى واحدة للشخص في كل زيارة.,,25%,15/05/2026,15/10/2026,700,CSCD-COFF
OFFER-108,Wings Tours & Nile Cruises,Nile Cruise Early Bird,حجز رحلة النيل المبكر,Book your Nile cruise at least 45 days in advance and enjoy 15% off the standard per-person rate.,احجز رحلتك النيلية قبل 45 يوماً على الأقل واستمتع بخصم 15% على السعر العادي للفرد.,Early booking discount applies to cabin price only. Not valid during peak season (Dec 20 – Jan 10).,خصم الحجز المبكر ينطبق على سعر الكابينة فقط. غير ساري خلال موسم الذروة (20 ديسمبر – 10 يناير).,,15%,01/05/2026,30/11/2026,100,WINGS-NILE
OFFER-109,Wings Tours & Nile Cruises,Group Tour Discount,خصم الجولات الجماعية,Groups of 8 or more booking any guided tour package receive 12% off the total price per person.,المجموعات المكونة من 8 أشخاص أو أكثر التي تحجز أي باقة جولة مرشدة تحصل على خصم 12% على السعر الإجمالي للفرد.,Minimum 8 passengers in one booking. Group leader travels free for groups of 15+.,الحد الأدنى 8 ركاب في حجز واحد. قائد المجموعة يسافر مجاناً للمجموعات التي تضم 15 شخصاً أو أكثر.,,12%,01/05/2026,31/12/2026,40,WINGS-GRP
OFFER-110,La Guitaih Travel Agency,Summer Holiday Package,باقة عطلة الصيف,Book any summer holiday package before August 31 and receive 10% off the total package price.,احجز أي باقة عطلة صيفية قبل 31 أغسطس واحصل على خصم 10% على السعر الإجمالي.,Valid for new bookings only. Cannot be combined with other promotions.,ساري للحجوزات الجديدة فقط. لا يمكن دمجه مع عروض أخرى.,,10%,01/05/2026,31/08/2026,120,LG-SUMR
OFFER-111,La Guitaih Travel Agency,Family Package Deal,عرض باقة العائلة,Families of 4 or more enjoy 15% off any domestic or international travel package.,العائلات المكونة من 4 أشخاص أو أكثر تستمتع بخصم 15% على أي باقة سفر محلية أو دولية.,Minimum 2 adults and 2 children (under 12). Child age proof may be required.,الحد الأدنى بالغان واثنان من الأطفال (أقل من 12 عاماً). قد يُطلب إثبات عمر الطفل.,,15%,01/05/2026,30/09/2026,80,LG-FAM
OFFER-112,Balbaa Village,Grill Night Special,عرض ليلة الشواء,Enjoy 15% off all grilled meat dishes every Tuesday and Wednesday evening at Balbaa Village.,استمتع بخصم 15% على جميع أطباق اللحوم المشوية كل مساء الثلاثاء والأربعاء في قرية بلبع.,Valid Tue & Wed evenings only (6 PM onwards). Dine-in only.,ساري مساء الثلاثاء والأربعاء فقط (من 6 م). للجلوس فقط.,,15%,01/05/2026,30/09/2026,400,BALB-GRILL
OFFER-113,Balbaa Village,Seafood Feast Offer,عرض وليمة المأكولات البحرية,Get 20% off on all fresh seafood dishes when ordering for a table of 4 or more.,احصل على خصم 20% على جميع أطباق المأكولات البحرية الطازجة عند الطلب لطاولة من 4 أشخاص أو أكثر.,Minimum 4 guests per table. Valid for dine-in only. Subject to daily catch availability.,الحد الأدنى 4 ضيوف للطاولة. للجلوس فقط. حسب توفر الصيد اليومي.,,20%,01/05/2026,31/12/2026,300,BALB-SEA
OFFER-114,Abou El Sid Restaurant,Oriental Dining Night,ليلة العشاء الشرقي,"Enjoy 15% off your total bill when ordering from our full oriental menu, available every evening.",استمتع بخصم 15% على إجمالي فاتورتك عند الطلب من قائمة الطعام الشرقي الكاملة، متاح كل مساء.,"Valid for dine-in only. Not valid on Valentine's Day, Eid, or other special event nights.",للجلوس فقط. غير ساري في عيد الحب والعيد أو ليالي الفعاليات الخاصة.,,15%,01/05/2026,31/12/2026,350,ABUSID-EVE
OFFER-115,Abou El Sid Restaurant,Signature Dish Deal,عرض الطبق المميز,Order any 2 signature dishes and receive a complimentary traditional Egyptian dessert.,اطلب أي طبقين مميزين واحصل على حلوى مصرية تقليدية مجانية.,One complimentary dessert per table. Dine-in only.,حلوى مجانية واحدة لكل طاولة. للجلوس فقط.,,15%,15/05/2026,15/10/2026,250,ABUSID-SIG
OFFER-116,Latino Cafe & Restaurant,Sea View Breakfast Offer,عرض الإفطار بإطلالة بحرية,Enjoy 20% off any breakfast order placed before 11 AM with a panoramic sea view.,استمتع بخصم 20% على أي طلب إفطار قبل 11 ص مع إطلالة بحرية بانورامية.,"Valid daily, 9 AM – 11 AM only. Dine-in only.",ساري يومياً من 9 ص إلى 11 ص فقط. للجلوس فقط.,,20%,01/05/2026,30/09/2026,500,LAT-BRK
OFFER-117,Latino Cafe & Restaurant,Shisha & Dinner Deal,عرض الشيشة والعشاء,Order any main course dinner and get 25% off a shisha of your choice.,اطلب أي طبق رئيسي للعشاء واحصل على خصم 25% على شيشة من اختيارك.,Valid from 7 PM onwards. One shisha discount per table. Dine-in only.,ساري من 7 م فصاعداً. خصم شيشة واحد لكل طاولة. للجلوس فقط.,,25%,01/05/2026,31/12/2026,400,LAT-SHSH
OFFER-118,Vinni Cafe & Deli,Work & Coffee Special,عرض العمل والقهوة,"Enjoy a free coffee refill with any breakfast or brunch order when dining in, perfect for remote workers.",استمتع بإعادة تعبئة قهوة مجانية مع أي طلب إفطار أو برانش عند الجلوس، مثالي للعمل عن بُعد.,One free refill per person per visit. Valid for filter coffee or Americano only.,إعادة تعبئة واحدة مجانية للشخص في كل زيارة. ساري للقهوة المفلترة أو الأمريكانو فقط.,,15%,01/05/2026,31/12/2026,600,VINNI-WFH
OFFER-119,Vinni Cafe & Deli,Deli Combo Saver,توفير كومبو ديلي,Get 20% off when you combine any deli sandwich with a hot or cold drink.,احصل على خصم 20% عند تجميع أي ساندويتش ديلي مع مشروب ساخن أو بارد.,,,,20%,15/05/2026,15/10/2026,700,VINNI-DELI
OFFER-120,Kadoura Seafood Restaurant,Fresh Catch Lunch Deal,عرض غداء الصيد الطازج,"Enjoy 10% off on all fresh fish orders placed between 12 PM and 4 PM, dine-in only.",استمتع بخصم 10% على جميع طلبات السمك الطازج بين 12 م و4 م، للجلوس فقط.,Valid for dine-in lunch only. Seafood subject to daily catch availability.,ساري لغداء الجلوس فقط. المأكولات البحرية حسب توفر الصيد اليومي.,,10%,01/05/2026,30/09/2026,400,KAD-LUNCH
OFFER-121,Kadoura Seafood Restaurant,Family Seafood Platter,طبق المأكولات البحرية العائلي,Tables of 5 or more receive a complimentary appetizer platter with any mixed seafood order.,الطاولات المكونة من 5 أشخاص أو أكثر تحصل على طبق مقبلات مجاني مع أي طلب مأكولات بحرية مشكلة.,Minimum 5 guests. Dine-in only. Appetizer selection at restaurant's discretion.,الحد الأدنى 5 ضيوف. للجلوس فقط. اختيار المقبلات حسب تقدير المطعم.,,10%,01/05/2026,31/12/2026,200,KAD-FAM
OFFER-122,Bent El-Sultan Restaurant,Nile View Dinner Discount,خصم عشاء بإطلالة على النيل,"Enjoy 15% off your total dinner bill while dining with a stunning Nile view, every day of the week.",استمتع بخصم 15% على إجمالي فاتورة العشاء مع إطلالة رائعة على النيل، كل أيام الأسبوع.,Valid for dinner service only (6 PM – 1 AM). Dine-in only.,ساري لخدمة العشاء فقط (6 م – 1 ص). للجلوس فقط.,,15%,01/05/2026,31/12/2026,300,BENT-DNNER
OFFER-123,Bent El-Sultan Restaurant,Weekend Brunch by the Nile,برانش عطلة نهاية الأسبوع على النيل,Get 20% off any brunch order on Fridays and Saturdays at Bent El-Sultan's Nile Lounge.,احصل على خصم 20% على أي طلب برانش أيام الجمعة والسبت في صالة بنت السلطان على النيل.,"Valid Fri & Sat, 9 AM – 3 PM. Dine-in only. Reservation recommended.",ساري الجمعة والسبت، 9 ص – 3 م. للجلوس فقط. يُنصح بالحجز المسبق.,,20%,01/05/2026,30/09/2026,250,BENT-WKD
OFFER-124,Andrea Restaurant Mohandeseen,Nile Terrace Dinner Special,عرض عشاء تراس النيل,"Enjoy 15% off all dinner orders on the Nile-facing terrace, available every evening.",استمتع بخصم 15% على جميع طلبات العشاء في تراس المطل على النيل، متاح كل مساء.,Terrace seating subject to availability. Valid for dine-in only.,جلسة التراس حسب التوفر. للجلوس فقط.,,15%,01/05/2026,31/12/2026,300,ANDR-TERR
OFFER-125,Andrea Restaurant Mohandeseen,Felucca & Dinner Package,باقة الفلوكة والعشاء,Book a private felucca ride + dinner for 2 and enjoy 20% off the combined package price.,احجز رحلة فلوكة خاصة وعشاء لشخصين واستمتع بخصم 20% على سعر الباقة المجمعة.,Advance booking required. Felucca ride duration minimum 1.5 hours. Weather-dependent.,الحجز المسبق مطلوب. مدة رحلة الفلوكة لا تقل عن 1.5 ساعة. يعتمد على الطقس.,,20%,01/05/2026,30/09/2026,100,ANDR-FELC
OFFER-126,Sheraton Cairo Hotel & Casino,Pyramid View Stay,إقامة بإطلالة على الأهرام,Book a Nile-view room and enjoy 15% off the room rate plus complimentary access to the rooftop bar.,احجز غرفة بإطلالة على النيل واستمتع بخصم 15% على سعر الغرفة مع دخول مجاني للبار على السطح.,Valid for new bookings only. Rooftop bar access valid during operating hours.,ساري للحجوزات الجديدة فقط. دخول بار السطح ساري خلال ساعات العمل.,,15%,01/05/2026,30/09/2026,100,SHER-CAI-VIEW
OFFER-127,Sheraton Cairo Hotel & Casino,Dining Pass for Non-Guests,تصريح طعام لغير المقيمين,Non-staying guests enjoy 20% off at any Sheraton Cairo dining outlet with advance reservation.,يستمتع الضيوف غير المقيمين بخصم 20% في أي مطعم من مطاعم شيراتون القاهرة مع حجز مسبق.,Advance reservation required. Valid for lunch and dinner only.,الحجز المسبق مطلوب. ساري للغداء والعشاء فقط.,,20%,01/05/2026,31/12/2026,200,SHER-CAI-DIN
OFFER-128,Hyatt Regency Cairo West,GEM Explorer Package,باقة مستكشف المتحف المصري الكبير,Stay 2 nights and receive complimentary shuttle service to the Grand Egyptian Museum plus 10% off your room rate.,أقم ليلتين واحصل على خدمة مكوك مجانية إلى المتحف المصري الكبير بالإضافة إلى خصم 10% على سعر الغرفة.,Shuttle service available once per stay per room. Subject to schedule availability.,خدمة المكوك متاحة مرة واحدة لكل إقامة لكل غرفة. حسب توفر الجدول الزمني.,,10%,01/05/2026,31/12/2026,80,HYATT-GEM
OFFER-129,Hyatt Regency Cairo West,Pyramids Weekend Deal,عرض عطلة نهاية أسبوع الأهرام,Book a Fri–Sat stay and receive 20% off the room rate including a guided pyramids tour for 2.,احجز إقامة الجمعة–السبت واحصل على خصم 20% على سعر الغرفة مع جولة مرشدة إلى الأهرامات لشخصين.,Tour includes Giza Pyramids and Sphinx. Booking must be made at least 5 days in advance.,الجولة تشمل أهرامات الجيزة وأبو الهول. يجب الحجز قبل 5 أيام على الأقل.,,20%,01/05/2026,30/09/2026,60,HYATT-PYR
OFFER-130,Mövenpick Resort Cairo Pyramids,Pyramid View Breakfast,إفطار بإطلالة على الأهرامات,Enjoy a complimentary buffet breakfast upgrade when booking any room with a pyramid view.,استمتع بترقية مجانية لإفطار البوفيه عند حجز أي غرفة بإطلالة على الأهرامات.,Subject to room availability. Valid for direct bookings only.,حسب توفر الغرف. ساري للحجوزات المباشرة فقط.,,15%,01/05/2026,31/12/2026,100,MPK-PYR-BRK
OFFER-131,Mövenpick Resort Cairo Pyramids,Pool & Dine Day Pass,تصريح يومي للمسبح والطعام,Non-staying guests can purchase a day pass including pool access and 15% off dining at the resort restaurants.,يمكن للضيوف غير المقيمين شراء تصريح يومي يشمل الوصول للمسبح وخصم 15% على الطعام في مطاعم المنتجع.,Day pass must be purchased in advance. Not valid on Fridays and public holidays.,يجب شراء التصريح اليومي مسبقاً. غير ساري أيام الجمعة والعطل الرسمية.,,15%,01/05/2026,30/09/2026,150,MPK-PASS
OFFER-132,Steigenberger Pyramids Cairo,Nightly Pyramid View Deal,عرض ليلي بإطلالة على الأهرامات,Book a room with pyramid view and enjoy 15% off plus a complimentary welcome drink upon arrival.,احجز غرفة بإطلالة على الأهرامات واستمتع بخصم 15% مع مشروب ترحيب مجاني عند الوصول.,Valid for direct bookings only. Welcome drink served at check-in only.,ساري للحجوزات المباشرة فقط. مشروب الترحيب يُقدم عند تسجيل الوصول فقط.,,15%,01/05/2026,31/12/2026,120,STBG-VIEW
OFFER-133,Steigenberger Pyramids Cairo,Museum & Stay Bundle,باقة المتحف والإقامة,Stay 2 nights and receive complimentary GEM entry tickets for 2 persons included in your booking.,أقم ليلتين واحصل على تذاكر دخول مجانية للمتحف المصري الكبير لشخصين مشمولة في حجزك.,GEM tickets subject to availability. Valid for new bookings only.,تذاكر المتحف حسب التوفر. ساري للحجوزات الجديدة فقط.,,10%,01/05/2026,30/09/2026,80,STBG-GEM
OFFER-134,Mena House Hotel,Historic Pyramids Stay,إقامة الأهرامات التاريخية,"Enjoy 15% off any room booking with a direct pyramids view, including daily breakfast for 2.",استمتع بخصم 15% على أي حجز غرفة بإطلالة مباشرة على الأهرامات، مع إفطار يومي لشخصين.,Valid for direct bookings only. Breakfast for 2 guests included per room per night.,ساري للحجوزات المباشرة فقط. إفطار لشخصين مشمول لكل غرفة في كل ليلة.,,15%,01/05/2026,30/09/2026,80,MENA-PYR
OFFER-135,Mena House Hotel,Landmark Dining Experience,تجربة طعام في موقع أثري,Non-staying guests enjoy 20% off lunch or dinner at Mena House's signature restaurant with a pyramid backdrop.,يستمتع الضيوف غير المقيمين بخصم 20% على الغداء أو العشاء في مطعم مينا هاوس المميز مع خلفية الأهرامات.,Reservation required. Valid for lunch (12–4 PM) and dinner (7–11 PM) only.,الحجز مطلوب. ساري للغداء (12–4 م) والعشاء (7–11 م) فقط.,,20%,01/05/2026,31/12/2026,150,MENA-DIN
OFFER-136,Kanzy Hotel Mohandeseen,Extended Stay Discount,خصم الإقامة الممتدة,"Stay 3 nights or more and enjoy 20% off the total room rate, including daily breakfast.",أقم 3 ليالٍ أو أكثر واستمتع بخصم 20% على إجمالي سعر الغرفة مع إفطار يومي.,Minimum 3 consecutive nights. Breakfast for registered guests only.,الحد الأدنى 3 ليالٍ متتالية. الإفطار للضيوف المسجلين فقط.,,20%,01/05/2026,31/12/2026,100,KNZY-3NT
OFFER-137,Kanzy Hotel Mohandeseen,Business Rate Weekday,سعر الأعمال أيام الأسبوع,Business travelers staying Sun–Thu enjoy 15% off the room rate with access to meeting room facilities.,المسافرون من رجال الأعمال المقيمون من الأحد إلى الخميس يستمتعون بخصم 15% على سعر الغرفة مع الوصول إلى مرافق غرف الاجتماعات.,Must present company ID or business card. Valid Sun–Thu only.,يجب تقديم بطاقة الشركة أو بطاقة العمل. ساري الأحد–الخميس فقط.,,15%,01/05/2026,31/12/2026,150,KNZY-BIZ
OFFER-138,Here Egypt Tours,Cairo Day Tour Discount,خصم جولة القاهرة اليومية,"Book any Cairo day tour (Pyramids, GEM, or Old Cairo) and enjoy 15% off the per-person rate.",احجز أي جولة يومية بالقاهرة (الأهرامات، المتحف المصري الكبير، أو القاهرة القديمة) واستمتع بخصم 15% على سعر الفرد.,Minimum 2 passengers. Advance booking required at least 48 hours prior.,الحد الأدنى راكبان. الحجز المسبق مطلوب قبل 48 ساعة على الأقل.,,15%,01/05/2026,31/12/2026,200,HERE-CAIRO
OFFER-139,Here Egypt Tours,Multi-Day Egypt Package,باقة مصر متعددة الأيام,Book any multi-day Egypt tour package (4 days or more) and receive 10% off the total price per person.,احجز أي باقة جولة مصرية متعددة الأيام (4 أيام أو أكثر) واحصل على خصم 10% على السعر الإجمالي للفرد.,"Minimum 4-day package. Discount applied to land arrangements only, excluding international flights.",الحد الأدنى باقة 4 أيام. الخصم ينطبق على الترتيبات البرية فقط، باستثناء الرحلات الدولية.,,10%,01/05/2026,30/09/2026,100,HERE-PKG
OFFER-140,Egypt Tours Portal,Custom Itinerary Discount,خصم الجدول السياحي المخصص,Book a fully customized Egypt tour itinerary and receive 12% off the total package price.,احجز جدولاً سياحياً مصرياً مخصصاً بالكامل واحصل على خصم 12% على السعر الإجمالي للباقة.,Minimum 5 days itinerary. Valid for bookings confirmed at least 30 days in advance.,الحد الأدنى جدول 5 أيام. ساري للحجوزات المؤكدة قبل 30 يوماً على الأقل.,,12%,01/05/2026,31/12/2026,80,ETP-CUSTOM
OFFER-141,Egypt Tours Portal,Nile Cruise & Tour Bundle,باقة رحلة النيل والجولة,Bundle a Nile cruise with a Cairo or Alexandria tour and enjoy 15% off the combined package price.,اجمع رحلة نيلية مع جولة القاهرة أو الإسكندرية واستمتع بخصم 15% على سعر الباقة المجمعة.,Both components must be booked together. Full payment required at booking.,يجب حجز كلا المكوّنين معاً. الدفع الكامل مطلوب عند الحجز.,,15%,01/05/2026,30/09/2026,60,ETP-NILE
OFFER-144,Visitors Egypt Tours,First-Time Visitor Offer,عرض الزيارة الأولى,First-time customers booking any Egypt tour receive 15% off their first package as a welcome discount.,العملاء الجدد الذين يحجزون أي جولة مصرية يحصلون على خصم 15% على باقتهم الأولى كخصم ترحيب.,Valid for new customers only. One-time use per customer. Cannot be combined with other offers.,ساري للعملاء الجدد فقط. استخدام لمرة واحدة لكل عميل. لا يمكن دمجه مع عروض أخرى.,,15%,01/05/2026,31/12/2026,200,VISIT-NEW
OFFER-145,Visitors Egypt Tours,Referral Reward Discount,خصم مكافأة الإحالة,Refer a friend who books any tour and both you and your friend receive EGP 200 off your next booking.,أحِل صديقاً يحجز أي جولة ويحصل كلاكما على خصم 200 جنيه على حجزك التالي.,"Referral must result in a confirmed, paid booking. Discount applied to next booking only.",يجب أن تؤدي الإحالة إلى حجز مؤكد ومدفوع. الخصم يُطبق على الحجز التالي فقط.,200,,01/05/2026,31/12/2026,300,VISIT-REF
OFFER-146,El Tekkia Restaurant,Hawawshi Night Special,عرض ليلة الحواوشي,Enjoy 20% off our signature hawawshi and grilled dishes every Tuesday and Wednesday evening.,استمتع بخصم 20% على الحواوشي المميزة وأطباق الشواء كل مساء الثلاثاء والأربعاء.,Valid Tue & Wed evenings only (6 PM onwards). Dine-in only.,ساري مساء الثلاثاء والأربعاء فقط (من 6 م). للجلوس فقط.,,20%,01/05/2026,30/09/2026,300,TEKK-HWSH
OFFER-147,El Tekkia Restaurant,Family Grill Platter Offer,عرض طبق شواء العائلة,Tables of 5 or more receive a complimentary soft drink round with any grilled family platter order.,الطاولات المكونة من 5 أشخاص أو أكثر تحصل على جولة مشروبات غازية مجانية مع أي طلب طبق شواء عائلي.,Minimum 5 guests. Dine-in only. One soft drink per person included.,الحد الأدنى 5 ضيوف. للجلوس فقط. مشروب غازي واحد مشمول لكل شخص.,,15%,01/05/2026,31/12/2026,250,TEKK-FAM
OFFER-148,Regency Pyramids Hotel,Pyramids Stay & Save,إقامة الأهرامات ووفّر,Book any room with a pyramid view and enjoy 20% off the room rate including daily breakfast.,احجز أي غرفة بإطلالة على الأهرامات واستمتع بخصم 20% على سعر الغرفة مع إفطار يومي.,Valid for direct bookings only. Breakfast for registered guests only.,ساري للحجوزات المباشرة فقط. الإفطار للضيوف المسجلين فقط.,,20%,01/05/2026,31/12/2026,100,REGP-PYR
OFFER-149,Regency Pyramids Hotel,GEM & Stay Package,باقة المتحف والإقامة,Stay 2 or more nights and receive complimentary shuttle transfers to and from the Grand Egyptian Museum.,أقم ليلتين أو أكثر واحصل على خدمة مكوك مجانية من وإلى المتحف المصري الكبير.,Shuttle service once per stay per room. Subject to availability and museum opening hours.,خدمة المكوك مرة واحدة لكل إقامة لكل غرفة. حسب التوفر وساعات عمل المتحف.,,10%,01/05/2026,30/09/2026,80,REGP-GEM
OFFER-150,Port Said Canal Cruise,Suez Canal Golden Tour,جولة قناة السويس الذهبية,Book two historic canal cruise tickets and get the third ticket completely free as a special holiday reward.,احجز تذكرتين للجولة البحرية التاريخية في القناة واحصل على التذكرة الثالثة مجاناً بالكامل كهدية للعطلات.,Must book all 3 tickets in the same trip. Lowest priced ticket is free.,يجب حجز جميع التذاكر الثلاث في نفس الرحلة. التذكرة الأقل سعراً تكون مجانية.,,100%,01/05/2026,01/12/2026,500,CRUISE3FOR2
OFFER-151,El-Gondolet Fish Restaurant,Seafood Feast Discount,خصم وليمة المأكولات البحرية,Order any family seafood platter and unlock a free premium hot seafood soup with your meal.,اطلب صينية مأكولات بحرية عائلية واحصل على شوربة سي فود ساخنة فاخرة مجاناً مع وجبتك.,Valid for dine-in only. Maximum 3 free soups per table order.,ساري للطلبات داخل المطعم فقط. بحد أقصى 3 شوربة مجانية لكل طاولة.,60,,01/05/2026,01/09/2026,300,FREECHOWDER
OFFER-159,Marsa Alam Diving Safari,Elphinstone Deep Dive,غوص أعماق إلفينستون,Purchase a bundle of 5 deep sea diving exploration trips and get the 6th dive completely free.,اشترِ باقة مكونة من 5 غطسات استكشافية في أعماق البحر واحصل على الغطسة السادسة مجاناً بالكامل.,Valid for a single licensed diver. Cannot be shared between multiple people.,ساري لغطاس مرخص واحد فقط. لا يمكن مشاركة الباقة بين عدة أفراد.,,100%,01/05/2026,01/11/2026,200,DIVING6FOR5
OFFER-160,Wadi El-Gemal Eco Camp,Desert Stars Trekking,ترحال نجوم وادي الجمال,Stay two nights in our eco-friendly safari tents and unlock a 50% discount on your consecutive third night.,اقض ليلتين في خيام السفاري البيئية واحصل على خصم 50% على ليلتك الثالثة المتتالية مع رصد النجوم.,Must be booked as 3 consecutive nights. Includes all daily activities.,يجب الحجز كـ 3 ليالٍ متتالية. يشمل جميع الأنشطة اليومية.,,50%,05/05/2026,05/12/2026,150,GEMAL50
OFFER-165,Mount Sinai Sunrise Tour,Holy Summit Trekking,ترحال القمة المقدسة,Book a guided night trek up Mount Sinai and enjoy a free traditional Bedouin mountain dinner package.,احصل على باقة عشاء بدوي جبلي تقليدي مجاناً عند حجز رحلة التسلق الليلي الإرشادية لجبل موسى.,Dinner served at the mountain base rest camp before the night hike begins.,يقدم العشاء في كامب الاستراحة عند قاعدة الجبل قبل بدء الصعود الليلي.,120,,01/05/2026,01/12/2026,400,SINAIDINNER
OFFER-166,Colored Canyon Safari Track,Nuweiba Canyon Adventure,مغامرة وديان نويبع,Book two 4x4 safari vehicles together for the Colored Canyon track and save 30% on the second vehicle.,احجز سيارتي سفاري 4x4 معاً لمسار الوادي الملون واحصل على خصم 30% على السيارة الثانية.,Both vehicles must be booked under the same name for the same time slot.,يجب حجز الكليتن باسم واحد ولنفس الفترة الزمنية.,,30%,15/05/2026,15/11/2026,250,CANYON30
OFFER-167,Catherine Mountain Lodge,St. Catherine High Altitude Eco-Stay,إقامة بيئية مرتفعة بسانت كاترين,Book a two-night stay at our high altitude mountain eco-lodge and get your consecutive third night free.,احصل على ليلتك الثالثة المتتالية مجاناً بالكامل عند حجز إقامة لليلتين في اللوج الجبلية البيئية.,Requires consecutive check-in days. Free night code applied automatically at checkout.,يتطلب أيام تسجيل وصول متتالية. يتم تطبيق كود الليلة المجانية تلقائياً عند المغادرة.,,100%,01/05/2026,01/03/2027,120,CATHERINE3
OFFER-168,Luxor West Bank Ferry,Ancient Thebes Nile Crossing,عبور نيل طيبة القديمة,Purchase a bundle of 5 West Bank motorboat ferry crossings and unlock 2 extra ferry passes for free.,اشترِ حزمة من 5 تذاكر عبور لمعدية البر الغربي بالمركب السريع واحصل على تذكرتين إضافيتين مجاناً.,Passes are valid for 14 days from the purchase date.,التذاكر سارية لمدة 14 يوماً من تاريخ الشراء.,20,,01/05/2026,01/06/2027,2000,FERRYPASS
OFFER-169,Valley of the Kings Tour Guides,Tombs of the Pharaohs Walk,جولة مقابر الفراعنة,Book historical guide services for 3 royal tombs together and get the 4th tomb guide service free.,احصل على خدمة الإرشاد للمقبرة الرابعة مجاناً عند حجز خدمات مرشد التاريخ لـ 3 مقابر ملكية معاً.,Excludes the entry ticket fee of the 4th tomb site.,لا يشمل رسوم تذكرة الدخول الخاصة بموقع المقبرة الرابعة.,,100%,05/05/2026,05/12/2026,350,TOMBS4FOR3
OFFER-171,Kato Dool Nubian Resort,Gharb Soheil Nubian Experience,تجربة غرب سهيل النوبية,Enjoy a 4-night traditional cultural stay in Gharb Soheil village and pay for only 3 nights.,استمتع بإقامة ثقافية تقليدية لمدة 4 ليالٍ في قرية غرب سهيل النوبية وادفع ثمن 3 ليالٍ فقط.,Promotion code must be added at the time of reservation. Lowest night rate is free.,يجب إضافة كود العرض عند الحجز. ليلة السعر الأقل تكون مجانية.,,100%,01/05/2026,01/06/2027,100,KATO4FOR3
OFFER-172,Philae Island Boat Taxi,Isis Temple Water Transit,نقل معبد إيزيس البحري,Book a round-trip motorboat transit to Philae Temple and receive 2 hours of island wait time free.,احصل على ساعتين وقت انتظار بالجزيرة مجاناً عند حجز مركب بمحرك رحلة ذهاب وعودة لمعبد فيلة.,Extra wait time beyond 2 hours will be charged at regular hourly rates.,وقت الانتظار الإضافي بعد الساعتين سيتم احتسابه بالأسعار العادية.,100,,10/05/2026,10/12/2026,500,PHILAEWAIT
OFFER-173,Aswan Nubian House Cafe,Nile Terrace Traditional Taste,المذاق التقليدي لتراس النيل,Spend 400 EGP on Nubian dinners and claim a premium traditional Karkadeh or Keshir hot drink free.,احصل على مشروب كركديه أو كشير نوبي ساخن مجاناً عند إنفاق 400 جنيه على وجبات العشاء التراثية.,One free drink per qualified minimum spending receipt.,مشروب مجاني واحد لكل فاتورة تحقق الحد الندنى المؤهل للإنفاق.,30,,01/05/2026,01/10/2026,400,ASWANDRINK
OFFER-174,Port Said Canal Cruise,Ferry Heritage Special,عرض التراث البحري,Buy 4 historic canal channel cruise tickets and get the 5th family ticket completely free.,اشترِ 4 تذاكر للجولة البحرية التاريخية في القناة واحصل على التذكرة العائلية الخامسة مجاناً بالكامل.,Family members must present matching IDs at the cruise boarding gate.,يجب على أفراد العائلة تقديم بطاقات هوية متطابقة عند بوابة صعود المركب.,,100%,15/05/2026,15/12/2026,300,FAMILY5
OFFER-177,Marsa Alam Diving Safari,Samadai Dolphin House Excursion,رحلة بيت الدلافين بصمداي,Book two Samadai dolphin house snorkeling boat trips together and get the third trip at exactly 50% off.,احصل على رحلة السنوركلينج الثالثة بخصم 50% عند حجز رحلتين لبيت الدلافين بصمداي معاً.,Must be booked under the same reservation transaction code.,يجب أن يتم الحجز تحت نفس كود معاملة الحجز.,,50%,15/05/2026,15/11/2026,250,SAMADAI50
OFFER-180,Stereo Restaurant & Café,International Happy Hour,ساعة سعيدة دولية,Enjoy 15% off all appetizers and desserts every Monday–Wednesday (5:00–7:00pm).,استمتع بخصم 15% على جميع المقبلات والحلويات كل اثنين إلى أربعاء (5:00–7:00م).,Valid dine-in only during listed hours; not combinable with other offers.,ساري داخل المطعم فقط خلال الأوقات المحددة؛ لا يمكن دمجه مع عروض أخرى.,,15%,01/05/2026,30/09/2026,200,STEREO15
OFFER-181,Stereo Restaurant & Café,Stereo Family Combo,عرض عائلي ستيريو,Buy one adult entrée and get one child's meal free every Sunday.,احصل على وجبة أطفال مجانية عند طلب وجبة للكبار كل يوم أحد.,One free child meal per paying adult; Sundays only.,وجبة أطفال مجانية واحدة لكل وجبة للكبار؛ أيام الأحد فقط.,,50%,01/05/2026,30/09/2026,150,STEREO50
OFFER-184,Seliyaa Hotel,Siwa Getaway Deal,عرض صفوة سيوة,Book a 3+ night stay at Seliyaa Hotel and get 15% off the total room rate.,احجز إقامة 3 ليالٍ أو أكثر في فندق سيليا واحصل على خصم 15% على إجمالي سعر الغرف.,Minimum 3-night stay required; valid for new bookings only.,الإقامة لا تقل عن 3 ليالٍ؛ العرض ساري للحجوزات الجديدة فقط.,,15%,01/05/2026,31/08/2026,100,SELYAA15
OFFER-186,Mimi El Khan,Family Feast,عرض عيد العائلة,Order any family meal combo and get 10% off the total bill.,اطلب أي وجبة عائلية واحصل على خصم 10% على المبلغ الإجمالي.,Not valid with other combo offers; dine-in only.,غير سارٍ مع العروض المجمعّة الأخرى؛ داخل المطعم فقط.,,10%,01/05/2026,30/09/2026,100,FAMILY10
OFFER-188,Corallo Sea Food Almaza Bay,Seafood Platter Discount,عرض وجبة بحرية,"Get 10% off any large seafood platter, all week long.",احصل على خصم 10% على أي صينية مأكولات بحرية كبيرة طوال أيام الأسبوع.,Valid on seafood platters only; dine-in only.,ساري على صواني المأكولات البحرية فقط؛ داخل المطعم فقط.,,10%,01/05/2026,30/09/2026,150,SEAFOOD10
OFFER-189,Sofra Middle East Cuisine,Middle Eastern Evening,عرض المطبخ الشرقي,Free mezze platter with any two main courses ordered.,طبق مقبلات مجاني مع طلب طبقين رئيسيين.,One free mezze per order; valid Thu–Sat evenings.,طبق مقبلات مجاني لكل طلب؛ يوم الخميس إلى السبت وقت المساء فقط.,0,,01/05/2026,30/09/2026,100,SOFRAFREEMEZ
OFFER-190,Talist Siwa,Oasis Escape,عرض هروب الواحة,Book a spa package and save 10% when bundled with a 2-night stay.,احجز باقة سبا واحصل على خصم 10% عند حجز ليلتين أو أكثر.,Spa discount valid only with room booking; new reservations only.,الخصم على السبا ساري فقط مع حجز غرفة؛ الحجوزات الجديدة فقط.,,10%,01/05/2026,31/08/2026,50,OASIS10
OFFER-191,Sol Y Mar Pioneers,Desert Dining Deal,عرض عشاء صحراوي,Enjoy 15% off dinner at our resort restaurant every night.,احصل على خصم 15% على عشاء المطعم في المنتجع كل ليلة.,Valid on dinner items only; dine-in only.,ساري على وجبات العشاء فقط؛ داخل المطعم فقط.,,15%,01/05/2026,30/09/2026,100,DESERT15
OFFER-192,Qasr El Bagawat Hotel,Ancient Ruins Package,باقة الآثار القديمة,Stay 2 nights and get a guided tomb tour at 50% off.,أقم ليلتين واحصل على جولة إرشادية بالمدافن بنصف السعر.,Booking must include the guided tour to get the discount.,يجب تضمين الجولة الإرشادية للحصول على الخصم.,,50%,01/05/2026,30/09/2026,30,RUINSGUIDE
OFFER-193,Basata Lodge,Eco-Lodge Special,عرض نزل بيئي,20% off all stays plus complimentary desert safari tour.,خصم 20% على جميع الإقامات وجولة سفاري صحراوية مجانية.,One safari tour per booking; subject to availability.,جولة سفاري واحدة لكل حجز؛ حسب التوفر.,,20%,01/05/2026,30/09/2026,30,ECO20
OFFER-195,Zein Restaurant,BBQ Night Deal,عرض ليل المشاوي,10% off the total bill on all BBQ platters every Thursday.,خصم 10% على الفاتورة الكاملة على جميع صواني المشاوي كل خميس.,Thursday evenings only; dine-in only.,أيام الخميس مساءً فقط؛ داخل المطعم فقط.,,10%,01/05/2026,30/09/2026,100,ZEIN10
OFFER-196,El Midiaf Restaurant,Quick Lunch Deal,عرض غداء سريع,Get a burger+drink combo for 50 EGP (saving 20%).,احصل على وجبة برجر + مشروب بـ50 جنيه (توفير 20%).,Valid weekdays 12pm–3pm only; dine-in/drive-thru.,سارية في أيام الأسبوع من 12 ظهراً حتى 3 مساءً فقط؛ داخل المطعم أو دريف ثرو.,50,,01/05/2026,30/09/2026,200,BURGER50
OFFER-197,The Moto Cafe,Espresso Happy Hour,عرض الساعة السعيدة,"Buy one espresso-based drink, get one free (Mon–Fri 4–6pm).",اشترِ مشروبًا واحدًا على أساس الإسبريسو واحصل على الثاني مجانًا (اثنين–خميس 4–6م).,Second drink must be of equal or lesser value; in-store only.,المشروب الثاني يجب أن يساوي أو يقل عن قيمة الأول؛ في المتجر فقط.,,50%,01/05/2026,30/09/2026,100,ESPRESSO
OFFER-198,Siwa Shali Resort,Luxury Oasis Package,باقة الواحة الفاخرة,Stay 3 nights and receive a free full-body massage (30 min).,أقم 3 ليالٍ واحصل على جلسة تدليك كاملة مجانية (30 دقيقة).,Offer valid for spa bookings during stay; one massage per booking.,ساري لعروض السبا خلال الإقامة؛ تدليك واحد لكل حجز.,0,,01/05/2026,31/08/2026,50,SHALIMASSAGE
OFFER-199,Gannat Al-Lohoum BBQ,Grill Master Deal,عرض سيد الشواية,Free side dish with any large grill order on Fridays.,طبق جانبي مجاني مع أي طلب مشاوي كبير يوم الجمعة.,One side per large grill platter; dine-in only.,طبق جانبي واحد لكل صينية مشاوي كبيرة؛ داخل المطعم فقط.,0,,01/05/2026,30/09/2026,150,GRILLMASTER