Sponsor ID,Title (English),Title (Localized),Description (English),Description (Localized),Address (English),Address (Localized),Status,Type,Tier,Latitude,Longitude,Start Date,End Date,Website URL 'NULLABLE',Contact Phone 'NULLABLE',Contact Email 'NULLABLE'
SPON-001,Koshary Abou Tarek,كشري أبو طارق,"Cairo's most iconic koshary restaurant, serving Egypt's beloved national dish since 1950. A must-visit downtown landmark loved by locals and tourists alike.",أشهر مطعم كشري في القاهرة، يقدم الطبق الوطني المحبوب منذ عام 1950. وجهة لا غنى عنها في وسط البلد يحبها المصريون والسياح على حدٍّ سواء.,"16 Maarouf St., Intersection of Champollion St., Downtown, Cairo",16 شارع معروف، تقاطع شارع شامبليون، وسط البلد، القاهرة,Active,Restaurant,Bronze,30.04755,31.23595,01/06/2026,31/12/2026,https://www.memphistours.com,20225761911,
SPON-002,Felfela Restaurant,مطعم فلفلة,"A legendary downtown Cairo restaurant established in 1959, beloved for authentic Egyptian and Mediterranean cuisine in a uniquely decorated setting near Tahrir Square.",مطعم أسطوري في وسط القاهرة تأسس عام 1959، يشتهر بالمأكولات المصرية والمتوسطية الأصيلة في ديكور فريد قريب من ميدان التحرير.,"15 Talaat Harb St., Downtown, Cairo",15 شارع طلعت حرب، وسط البلد، القاهرة,Active,Restaurant,Silver,30.04742,31.23443,01/06/2026,31/12/2026,http://www.felfela.com,20223900784,
SPON-003,Abou El Sid Restaurant,مطعم أبو السيد,An upscale Egyptian restaurant in the heart of Zamalek offering a classic 1930s Cairene atmosphere and traditional dishes like Circassian chicken and pigeon.,مطعم مصري راقٍ في قلب الزمالك يقدم أجواء القاهرة الكلاسيكية من ثلاثينيات القرن الماضي وأطباقاً تقليدية كالدجاج الشركسي والحمام.,"157, 26th of July St., beside Diwan Bookstore, Zamalek, Cairo",157 شارع 26 يوليو، بجوار مكتبة ديوان، الزمالك، القاهرة,Active,Restaurant,Gold,30.05945,31.22412,01/06/2026,31/12/2026,http://www.abouelsid.com,20227359640,
SPON-004,Zooba,زوبا,"A celebrated Egyptian street food restaurant reinventing classic local dishes with fresh ingredients. Located in Zamalek, it is a favourite among both locals and international visitors.",مطعم شهير للأكل الشعبي المصري يُعيد ابتكار الأطباق المحلية الكلاسيكية بمكونات طازجة. يقع في الزمالك ويُعدّ وجهة مفضلة للمصريين والزوار الأجانب.,"16, 26th of July St., Intersection of Shagaret El Dor, Zamalek, Cairo",16 شارع 26 يوليو، تقاطع شارع شجرة الدر، الزمالك، القاهرة,Active,Restaurant,Silver,30.06055,31.2218,01/06/2026,31/12/2026,,2016082,
SPON-005,Cairo Marriott Hotel,فندق ماريوت القاهرة,"A historic 5-star palace hotel on Zamalek Island built around the 1869 Gezira Palace. Offers luxury rooms with Nile views, world-class dining, and over 19 event venues.",فندق قصر تاريخي خمس نجوم في جزيرة الزمالك، مبني حول قصر الجزيرة عام 1869. يوفر غرفاً فاخرة بإطلالات على النيل ومطاعم عالمية المستوى وأكثر من 19 قاعة فعاليات.,"16 Saray El Gezira St., Zamalek, Cairo",16 شارع سراي الجزيرة، الزمالك، القاهرة,Active,Hotel,Platinum,30.0617,31.2211,01/06/2026,31/12/2026,https://www.cairomarriotthotel.com,20227283000,CairoMarriottReservation@marriott.com
SPON-006,Sofitel Cairo Nile El Gezirah,سوفيتيل القاهرة نايل الجزيرة,"A luxury 5-star hotel on Gezirah Island offering panoramic Nile views and 433 rooms blending Pharaonic, Arabian, and French art deco design. One of Cairo's most iconic landmarks.",فندق فاخر خمس نجوم في جزيرة الجزيرة يوفر إطلالات بانورامية على النيل و433 غرفة تمزج بين التصميم الفرعوني والعربي وآر ديكو الفرنسي. أحد أبرز معالم القاهرة.,"3 El Thawra Council St., Zamalek, Cairo",3 شارع مجلس الثورة، الزمالك، القاهرة,Active,Hotel,Platinum,30.03911,31.22012,01/06/2026,31/12/2026,https://www.sofitel-cairo-nile-elgezirah.com,20227373737,reservations.cairo@sofitel.com
SPON-007,Kempinski Nile Hotel,فندق كمبينسكي النيل,A sleek modern 5-star hotel in Garden City with breathtaking views of the Nile and the Cairo skyline. Centrally located near Tahrir Square and the Egyptian Museum.,فندق عصري أنيق خمس نجوم في جاردن سيتي بإطلالات خلابة على النيل وأفق القاهرة. يقع في موقع مركزي قريب من ميدان التحرير والمتحف المصري.,"12 Ahmed Ragheb St., Garden City, Cairo",12 شارع أحمد راغب، جاردن سيتي، القاهرة,Active,Hotel,Gold,30.0362,31.2286,01/06/2026,31/12/2026,https://www.kempinski.com/cairo,20227980000,reservations.cairo@kempinski.com
SPON-008,Memphis Tours,ممفيس تورز,"One of Egypt's top-rated tour operators, licensed since 1955 and holding Ministry of Tourism Category A status. Offers guided tours to all major Cairo and Egypt attractions.",إحدى أبرز شركات السياحة في مصر، مرخصة منذ 1955 وتحمل تصنيف الفئة أ من وزارة السياحة. تقدم جولات مصحوبة بمرشدين إلى جميع المعالم السياحية الرئيسية في القاهرة ومصر.,"24 Mourad St., Giza Square, Cairo",24 شارع مراد، ميدان الجيزة، القاهرة,Active,TravelAgency,Gold,30.0052,31.2089,01/06/2026,31/12/2026,https://www.memphistours.com,20235716050,egypt@memphistours.com
SPON-009,El Fishawy Café,مقهى الفيشاوي,"Cairo's oldest café, open continuously since 1797 in the heart of Khan El Khalili bazaar. A legendary cultural institution serving traditional tea, coffee, and shisha.",أقدم مقهى في القاهرة، يعمل باستمرار منذ عام 1797 في قلب خان الخليلي. مؤسسة ثقافية أسطورية تقدم الشاي والقهوة التقليدية والشيشة.,"Khan El Khalili Bazaar, Al-Hussein, Cairo",سوق خان الخليلي، الحسين، القاهرة,Active,Cafe,Silver,30.04808,31.26257,01/06/2026,31/12/2026,,20223900784,
SPON-010,Café Riche,كافيه ريش,"A historic café-bar in Downtown Cairo with a nostalgic 1908 atmosphere, famous for light Egyptian snacks, coffee, and its role as a meeting place for intellectuals and artists.",مقهى وبار تاريخي في وسط القاهرة بأجواء حنينية من عام 1908، يشتهر بالوجبات الخفيفة المصرية والقهوة، وتاريخه كملتقى للمثقفين والفنانين.,"17 Talaat Harb St., Downtown, Cairo",17 شارع طلعت حرب، وسط البلد، القاهرة,Active,Cafe,Bronze,30.0476,31.2351,01/06/2026,31/12/2026,,20223921012,
SPON-011,Ramasside Tours,رامسيد تورز,"Egypt's top-rated luxury tour operator, ranked No.1 locally, specialising in custom private tours and expert-guided experiences across Cairo's ancient sites and beyond.",أفضل شركة سياحة فاخرة في مصر وتُصنَّف الأولى محلياً، متخصصة في الجولات الخاصة المصممة وفق الطلب والتجارب بصحبة مرشدين خبراء في المواقع الأثرية بالقاهرة وخارجها.,"Heliopolis, Cairo",مصر الجديدة، القاهرة,Active,TravelAgency,Gold,30.089,31.325,01/06/2026,31/12/2026,https://www.ramassidetours.com,20225175555,info@ramassidetours.com
SPON-012,Steigenberger Hotel El Tahrir,فندق شتايجنبرجر التحرير,"A top-rated 5-star hotel directly overlooking Tahrir Square in downtown Cairo, perfect for tourists visiting the Egyptian Museum, with refined dining and modern amenities.",فندق خمس نجوم مطل مباشرة على ميدان التحرير في وسط القاهرة، مثالي للسياح الزائرين للمتحف المصري، مع مطاعم راقية ووسائل راحة حديثة.,"2 Kasr El Nil St., Tahrir Square, Cairo",2 شارع قصر النيل، ميدان التحرير، القاهرة,Active,Hotel,Gold,30.0452,31.2344,01/06/2026,31/12/2026,https://www.steigenberger.com/cairo,20227920000,
SPON-013,Kazaz Restaurant,مطعم كزاز,"A wildly popular downtown Cairo fast-food institution famous for its exceptional shawarma and grilled meats, consistently drawing long queues of loyal local diners.",مطعم وجبات سريعة شعبي للغاية في وسط القاهرة، يشتهر بالشاورما المتميزة واللحوم المشوية، ويستقطب باستمرار طوابير طويلة من الزبائن المحليين المخلصين.,"11 Talaat Harb St., Downtown, Cairo",11 شارع طلعت حرب، وسط البلد، القاهرة,Active,Restaurant,Bronze,30.0482,31.2348,01/06/2026,31/12/2026,,20223933050,
SPON-014,Khufu's Restaurant,مطعم خوفو,"An award-winning fine-dining restaurant set against the backdrop of the Giza Pyramids, offering an extraordinary Egyptian and international menu with unmatched views of the ancient wonders.",مطعم فاخر حائز على جوائز بخلفية أهرامات الجيزة، يقدم قائمة طعام مصرية ودولية استثنائية مع إطلالات لا مثيل لها على العجائب القديمة.,"Giza Pyramids Complex, El Haram, Giza",مجمع أهرامات الجيزة، الهرم، الجيزة,Active,Restaurant,Platinum,29.9756,31.1338,01/06/2026,31/12/2026,https://www.khufus.com,20237800000,
SPON-015,Sachi Restaurant Heliopolis,مطعم ساتشي هليوبوليس,"An award-winning Cairo icon in the historic Korba district of Heliopolis serving refined Mediterranean and Japanese cuisine, consistently ranked among the region's best restaurants.",أيقونة قاهرية حائزة على جوائز في حي كوربة التاريخي بمصر الجديدة، تقدم المأكولات المتوسطية واليابانية الراقية وتُصنَّف باستمرار ضمن أفضل مطاعم المنطقة.,"4 Baghdad St., Korba, Heliopolis, Cairo",4 شارع بغداد، كوربة، مصر الجديدة، القاهرة,Active,Restaurant,Gold,30.08821,31.32204,01/06/2026,31/12/2026,,20222907788,
SPON-016,Thomas Cook Egypt,توماس كوك مصر,"A globally trusted travel agency with a strong Egyptian presence, offering comprehensive tour packages, Nile cruises, hotel bookings, and visa services for international tourists.",وكالة سفر موثوقة عالمياً بحضور قوي في مصر، تقدم باقات سياحية شاملة ورحلات نيلية وحجوزات فنادق وخدمات تأشيرات للسياح الدوليين.,"16 Manshiyat El Bakri St., Heliopolis, Cairo",16 شارع منشية البكري، مصر الجديدة، القاهرة,Active,TravelAgency,Silver,30.0864,31.321,01/06/2026,31/12/2026,https://www.thomascook.com,20224142000,
SPON-017,Fairmont Nile City Hotel,فندق فيرمونت نايل سيتي,A stunning luxury 5-star hotel in Ramlet Boulaq with floor-to-ceiling windows offering some of Cairo's most spectacular Nile views. Home to multiple award-winning restaurants and a rooftop pool.,فندق فاخر خمس نجوم رائع في رملة بولاق بنوافذ من الأرض إلى السقف توفر بعضاً من أروع الإطلالات على النيل في القاهرة. يضم عدة مطاعم حائزة على جوائز وحمام سباحة على السطح.,"2005 Corniche El Nil, Ramlet Boulaq, Cairo",2005 كورنيش النيل، رملة بولاق، القاهرة,Active,Hotel,Platinum,30.06478,31.2282,01/06/2026,31/12/2026,https://www.fairmont.com/nile-city-cairo,20225780000,nilecity@fairmont.com
SPON-018,Four Seasons Hotel Cairo at Nile Plaza,فندق فور سيزونز القاهرة نايل بلازا,"A 30-storey ultra-luxury 5-star hotel on the Nile in Garden City, rated Cairo's No.1 luxury hotel. Minutes from the Egyptian Museum, with world-class dining and an award-winning spa.",فندق فاخر من 30 طابقاً على النيل في جاردن سيتي، يُصنَّف الأول في القاهرة للفنادق الفاخرة. على بُعد دقائق من المتحف المصري، مع مطاعم عالمية المستوى وسبا حائز على جوائز.,"1089 Corniche El Nil, Garden City, Cairo",1089 كورنيش النيل، جاردن سيتي، القاهرة,Active,Hotel,Platinum,30.0356,31.2296,01/06/2026,31/12/2026,https://www.fourseasons.com/caironp,20227917000,reservations.cai@fourseasons.com
SPON-019,The Nile Ritz-Carlton Cairo,ذا نايل ريتز كارلتون القاهرة,"An iconic luxury hotel originally opened in 1959, located between the Nile, Tahrir Square, and the Egyptian Museum. One of Cairo's most celebrated 5-star properties with unmatched heritage.",فندق فاخر أسطوري افتُتح عام 1959، يقع بين النيل وميدان التحرير والمتحف المصري. من أبرز فنادق القاهرة الخمس نجوم بتراث لا مثيل له.,"1113 Corniche El Nil, Qasr El Nil, Cairo",1113 كورنيش النيل، قصر النيل، القاهرة,Active,Hotel,Platinum,30.0438,31.231,01/06/2026,31/12/2026,https://www.ritzcarlton.com/cairo,20227018000,
SPON-020,InterContinental Cairo Semiramis,إنتركونتيننتال القاهرة سميراميس,"A landmark 5-star hotel on the Nile Corniche in Garden City with 9 signature restaurants, a rooftop pool, and stunning sunset views. Just steps from the Egyptian Museum.",فندق خمس نجوم بارز على كورنيش النيل في جاردن سيتي مع 9 مطاعم مميزة وحمام سباحة على السطح وإطلالات رائعة على الغروب. على بُعد خطوات من المتحف المصري.,"Corniche El Nil, Qasr El Nil, Cairo",كورنيش النيل، قصر النيل، القاهرة,Active,Hotel,Gold,30.04301,31.23252,01/06/2026,31/12/2026,https://www.ihg.com/intercontinental/cairo-semiramis,20227988000,info.semiramisic@ihg.com
SPON-021,Khan El Khalili Restaurant & Naguib Mahfouz Café,مطعم خان الخليلي ومقهى نجيب محفوظ,"A captivating dining experience inside Khan El Khalili bazaar, named after Nobel Prize-winning author Naguib Mahfouz. Renowned for its authentic Egyptian decor, live music, and cultural atmosphere.",تجربة طعام آسرة داخل بازار خان الخليلي، سُمّي تكريماً للأديب نجيب محفوظ الحائز على نوبل. اشتُهر بديكوره المصري الأصيل والموسيقى الحية وأجوائه الثقافية.,"5 Sekket El Badestan St., Khan El Khalili, El Gamaliya, Cairo",5 شارع سكة البادستان، خان الخليلي، الجمالية، القاهرة,Active,Restaurant,Silver,30.0477,31.2613,01/06/2026,31/12/2026,,20225903788,
SPON-022,Gad Restaurant,مطعم جاد,"One of Cairo's most beloved and widespread fast-food chains, serving authentic Egyptian staples including koshary, foul, taamiya, and grilled meats at affordable prices across the city.",واحدة من أكثر سلاسل الوجبات السريعة شعبية وانتشاراً في القاهرة، تقدم الأكلات المصرية الأصيلة كالكشري والفول والطعمية واللحوم المشوية بأسعار معقولة.,"21 Abdel Khaleq Tharwat St., Downtown, Cairo",21 شارع عبد الخالق ثروت، وسط البلد، القاهرة,Active,Restaurant,Bronze,30.0502,31.2464,01/06/2026,31/12/2026,,20222905050,
SPON-023,Zitouni Restaurant,مطعم الزيتوني,"An award-winning upscale Egyptian restaurant at the Four Seasons Hotel Cairo, rated No.1 for views and experiences in the city. Serves refined traditional Egyptian cuisine overlooking the Nile.",مطعم مصري راقٍ حائز على جوائز في فندق فور سيزونز القاهرة، يُصنَّف الأول من حيث الإطلالات والتجارب في المدينة. يقدم المأكولات المصرية التقليدية الراقية بإطلالة على النيل.,"1089 Corniche El Nil, Four Seasons Hotel, Garden City, Cairo",1089 كورنيش النيل، فندق فور سيزونز، جاردن سيتي، القاهرة,Active,Restaurant,Platinum,30.0356,31.2296,01/06/2026,31/12/2026,https://www.fourseasons.com/caironp/dining/restaurants/zitouni,20227917000,
SPON-024,Semiramis InterContinental The Grill,مطعم ذا جريل – سميراميس إنتركونتيننتال,"An iconic fine-dining steakhouse inside the Semiramis InterContinental, celebrated for premium aged cuts with stunning Nile views. One of Cairo's top fine-dining destinations for over three decades.",مطعم ستيك فاخر بداخل سميراميس إنتركونتيننتال، يشتهر بقطع اللحوم المعتقة الممتازة مع إطلالات خلابة على النيل. من أبرز وجهات المطاعم الراقية في القاهرة منذ أكثر من ثلاثة عقود.,"Corniche El Nil, Garden City, Cairo",كورنيش النيل، جاردن سيتي، القاهرة,Active,Restaurant,Gold,30.04301,31.23252,01/06/2026,31/12/2026,https://www.ihg.com/intercontinental/cairo-semiramis,20227988000,
SPON-025,Hilton Cairo Heliopolis,هيلتون القاهرة مصر الجديدة,"A top-tier 5-star hotel near Cairo International Airport in Heliopolis, offering luxurious rooms, multiple restaurants, and convenient access for international tourists arriving in Cairo.",فندق خمس نجوم من الدرجة الأولى بالقرب من مطار القاهرة الدولي في مصر الجديدة، يوفر غرفاً فاخرة ومطاعم متعددة وإمكانية وصول مريحة للسياح الدوليين القادمين إلى القاهرة.,"Uruba St., Cairo International Airport Area, Heliopolis, Cairo",شارع العروبة، منطقة مطار القاهرة الدولي، مصر الجديدة، القاهرة,Active,Hotel,Gold,30.114,31.397,01/06/2026,31/12/2026,https://www.hilton.com/cairo-heliopolis,20222400000,
SPON-026,Uber Egypt,أوبر مصر,"The leading ride-hailing service in Cairo, providing tourists with safe, app-based transportation across the city to all major archaeological sites, museums, hotels, and airports.",خدمة استدعاء السيارات الرائدة في القاهرة، توفر للسياح وسيلة تنقل آمنة عبر التطبيق عبر المدينة إلى جميع المواقع الأثرية الرئيسية والمتاحف والفنادق والمطارات.,"Cairo, Egypt (app-based service)",القاهرة، مصر (خدمة عبر التطبيق),Active,Transportation,Silver,30.04442,31.23571,01/06/2026,31/12/2026,https://www.uber.com/eg/en,,
SPON-027,Egypt Air,مصر للطيران,"Egypt's national carrier and the largest airline in Africa and the Middle East, offering domestic and international flights with connections from Cairo to Luxor, Aswan, Sharm El Sheikh and beyond.",الناقل الوطني المصري وأكبر شركة طيران في أفريقيا والشرق الأوسط، تقدم رحلات داخلية ودولية من القاهرة إلى الأقصر وأسوان وشرم الشيخ وما وراءها.,"Cairo International Airport, Heliopolis, Cairo",مطار القاهرة الدولي، مصر الجديدة، القاهرة,Active,Transportation,Platinum,30.1219,31.4056,01/06/2026,31/12/2026,https://www.egyptair.com,20227000,
SPON-028,Lazib Inn Resort & Spa,لازيب إن ريزورت وسبا,"A luxurious 5-star boutique resort in Tunis Village overlooking Lake Qarun. Ranked No.1 hotel in Fayoum Governorate, featuring 21 unique suites, 3 pools, a full spa, and the Blue Donkey restaurant with farm-to-table cuisine.",منتجع بوتيك فاخر خمس نجوم في قرية تونس يطل على بحيرة قارون. يُصنَّف الأول في محافظة الفيوم، ويضم 21 جناحاً فريداً و3 مسابح وسبا متكاملاً ومطعم Blue Donkey بمأكولات من المزرعة إلى المائدة.,"Tunis Village, Youssef El Seddik, Fayoum Governorate",قرية تونس، يوسف الصديق، محافظة الفيوم,Active,Hotel,Platinum,29.3872,30.5984,01/06/2026,31/12/2026,https://www.lazibinn.com,20842820000,info@lazibinn.com
SPON-029,Venecia Resort & Spa,فينيشيا ريزورت وسبا,"A unique 5-star lakeside resort on the shores of Lake Qarun offering six categories of wooden-hut suites, private jacuzzis, panoramic lake views, and a restaurant with Egyptian and international cuisine.",منتجع فاخر خمس نجوم فريد على شاطئ بحيرة قارون يقدم ستة تصنيفات من الأجنحة على شكل أكواخ خشبية وجاكوزي خاصاً وإطلالات بانورامية على البحيرة ومطعماً بمأكولات مصرية ودولية.,"259 Abaza St., Lake Qarun Shore, Fayoum Governorate",259 شارع أباظة، شاطئ بحيرة قارون، محافظة الفيوم,Active,Hotel,Gold,29.5012,30.5538,01/06/2026,31/12/2026,,20102848484,reservations@veneciaresort.com
SPON-030,Tache By The Lake,تاشي باي ذا ليك,"A boutique hotel and resort named after the ancient pharaonic city of Tache, located near Lake Qarun and Wadi El Rayan. Features lake-view rooms, 2 restaurants, and guided desert safari tours.",فندق بوتيك ومنتجع سُمِّي باسم مدينة تاشي الفرعونية القديمة، يقع بالقرب من بحيرة قارون ووادي الريان. يضم غرفاً بإطلالة على البحيرة ومطعمين وجولات سفاري صحراوية مع مرشدين.,"Wadi El Rayan Road, Fayoum Governorate",طريق وادي الريان، محافظة الفيوم,Active,Hotel,Silver,29.3085,30.4312,01/06/2026,31/12/2026,,201000228383,
SPON-031,Kom El Dikka Agri Lodge,كوم الدكة أجري لودج,"A 45-acre organic olive farm converted into an agri-tourism lodge in Tunis Village, overlooking Lake Qarun. Offers farm-to-table dining with fresh duck, pigeon, and organic produce in a stunning earthen-architecture setting.",مزرعة زيتون عضوية تبلغ مساحتها 45 فداناً تحولت إلى نزل سياحي زراعي في قرية تونس يطل على بحيرة قارون. يقدم وجبات من المزرعة إلى المائدة مع الحمام والبط الطازج والمنتجات العضوية في بيئة معمارية طينية رائعة.,"Tunis Village, Youssef El Seddik, Fayoum Governorate",قرية تونس، يوسف الصديق، محافظة الفيوم,Active,Hotel,Silver,29.385,30.5962,01/06/2026,31/12/2026,,201001388018,
SPON-032,Ibis Restaurant & Cooking School,مطعم إيبيس ومدرسة الطبخ,"A celebrated farm-to-table restaurant in Tunis Village founded by a Swiss chef couple, blending Egyptian and international cuisine with pottery and cooking classes. Perched on a hilltop with panoramic views of Lake Qarun.",مطعم شهير من المزرعة إلى المائدة في قرية تونس أسسه زوجان من الطهاة السويسريين، يمزج بين المأكولات المصرية والدولية مع دروس الفخار والطبخ. يقع على قمة تل مع إطلالات بانورامية على بحيرة قارون.,"Mahmoud Youssef Pottery Atelier, Tunis Village, Fayoum Governorate",معمل محمود يوسف للفخار، قرية تونس، محافظة الفيوم,Active,Restaurant,Gold,29.3865,30.5972,01/06/2026,31/12/2026,,201060906048,
SPON-033,Explore Fayoum Tours,إكسبلور الفيوم تورز,"Fayoum's leading local tour operator offering guided day trips to Wadi El Rayan, Wadi Hitan UNESCO site, Lake Qaroun, the Petrified Forest, and Hawara Pyramid with expert Bedouin guides.",شركة السياحة المحلية الرائدة في الفيوم تقدم رحلات يومية مع مرشدين إلى وادي الريان وموقع وادي حيتان اليونسكو وبحيرة قارون والغابة المتحجرة وهرم هوارة مع مرشدين بدويين خبراء.,"Tunis Village, Youssef El Seddik, Fayoum Governorate",قرية تونس، يوسف الصديق، محافظة الفيوم,Active,Tour,Silver,29.386,30.597,01/06/2026,31/12/2026,https://www.fayoumegypt.com,,
SPON-034,Fayoum Hotel Armed Forces,فندق الفيوم للقوات المسلحة,"A comfortable 3-star hotel in Fayoum city center offering a restaurant, complimentary breakfast, outdoor pool, and easy access to major Fayoum attractions including the Water Wheels and Hawara Pyramid.",فندق مريح ثلاث نجوم في مركز مدينة الفيوم يوفر مطعماً وإفطاراً مجانياً وحمام سباحة خارجياً وسهولة الوصول إلى أبرز معالم الفيوم بما فيها السواقي وهرم هوارة.,"Shakshouk, Ibsheway, Fayoum Governorate",شاكشوك، إبشواي، محافظة الفيوم,Active,Hotel,Bronze,29.3064,30.842,01/06/2026,31/12/2026,,20846300000,
SPON-036,Wadi El Rayan Safari Camp,مخيم سفاري وادي الريان,"A local desert adventure operator at the edge of Wadi El Rayan National Park offering 4x4 dune-bashing, sandboarding, boat trips on the upper lake, and overnight glamping near the waterfalls.",مشغل مغامرات صحراوي محلي عند أطراف محمية وادي الريان يقدم رحلات تضاريسية بسيارات الدفع الرباعي وتزلجاً على الرمال ورحلات بالقوارب على البحيرة العليا وتخييماً فاخراً بالقرب من الشلالات.,"Wadi El Rayan National Park, Fayoum Governorate",محمية وادي الريان الطبيعية، محافظة الفيوم,Active,Tour,Bronze,29.245,30.378,01/06/2026,31/12/2026,,201000228383,
SPON-038,Trianon Cafe,كافيه تريانون,"A legendary cafe operating since 1905 on the Corniche, offering stunning sea views and classic pastries.",كافيه أسطوري يعمل منذ عام 1905 على كورنيش الإسكندرية، يقدم إطلالات بحرية رائعة ومعجنات كلاسيكية.,"Saad Zaghloul Square, Al Attarin, Alexandria Governorate",ميدان سعد زغلول، العطارين، محافظة الإسكندرية,Active,Cafe,Gold,31.20159,29.8968,01/06/2026,31/12/2026,,+201285839731,
SPON-039,Delices Patisserie,دولسيه باتيسيري,"A beloved Alexandria landmark since 1922, famous for French-Egyptian sweets, croissants, and aromatic coffee.",معلم محبوب في الإسكندرية منذ عام 1922، مشهور بالحلويات الفرنسية المصرية والكرواسون والقهوة العطرة.,"40 Safia Zaghloul St, Al Attarin, Alexandria Governorate",40 شارع صفية زغلول، العطارين، محافظة الإسكندرية,Active,Cafe,Gold,31.20131,29.8971,01/06/2026,31/12/2026,,+2034861432,
SPON-040,Mohamed Ahmed Restaurant,مطعم محمد أحمد,A downtown Alexandria institution serving the best traditional Egyptian ful and falafel since decades.,مؤسسة في وسط الإسكندرية تقدم أفضل الفول والفلافل المصري التقليدي منذ عقود.,"17 Shekh Ali Al Sayed St, Al Attarin, Alexandria Governorate",17 شارع شيخ علي السيد، العطارين، محافظة الإسكندرية,Active,Restaurant,Silver,31.1996,29.8938,01/06/2026,31/12/2026,,+201111479471,
SPON-041,Greek Club Restaurant,مطعم النادي اليوناني,One of the most iconic restaurants in Alexandria with unmatched views over the Alexandrian harbor.,أحد أشهر مطاعم الإسكندرية مع إطلالات لا مثيل لها على ميناء الإسكندرية.,"28 El Corniche, Al Silsila, Alexandria Governorate",28 الكورنيش، السلسلة، محافظة الإسكندرية,Active,Restaurant,Platinum,31.21117,29.8841,01/06/2026,31/12/2026,,+2034801706,
SPON-042,Stefano's Restaurant,مطعم ستيفانوز,"A cozy Italian restaurant in Roshdy offering pizzas and pastas with an Egyptian twist, perfect for families.",مطعم إيطالي دافئ في رشدي يقدم البيتزا والمعكرونة بلمسة مصرية، مثالي للعائلات.,"Roshdy, Alexandria Governorate",رشدي، محافظة الإسكندرية,Active,Restaurant,Silver,31.2254,29.9518,01/06/2026,31/12/2026,,+2035818000,
SPON-043,Four Seasons Hotel Alexandria,فندق فور سيزونز الإسكندرية,A luxury 5-star hotel on the Mediterranean coast offering world-class amenities and stunning sea views.,فندق فاخر 5 نجوم على ساحل البحر الأبيض المتوسط يوفر مرافق عالمية المستوى وإطلالات بحرية رائعة.,"399 El Geish Road, San Stefano, Alexandria Governorate",399 طريق الجيش، سان ستيفانو، محافظة الإسكندرية,Active,Hotel,Platinum,31.2364,29.9735,01/06/2026,31/12/2026,https://www.fourseasons.com/alexandria,+2035818000,
SPON-044,Sheraton Alexandria Hotel,فندق شيراتون الإسكندرية,An iconic beachfront hotel on the Corniche offering premium hospitality and Mediterranean views.,فندق ساحلي مميز على الكورنيش يوفر ضيافة راقية وإطلالات على البحر الأبيض المتوسط.,"Corniche Road, El Montazah, Alexandria Governorate",طريق الكورنيش، المنتزه، محافظة الإسكندرية,Active,Hotel,Gold,31.2791,30.0124,01/06/2026,31/12/2026,,+2035480550,
SPON-045,Hilton Alexandria Corniche,هيلتون الإسكندرية كورنيش,A premium hotel located directly on the Alexandria Corniche with elegant rooms and fine dining options.,فندق متميز يقع مباشرة على كورنيش الإسكندرية مع غرف أنيقة وخيارات تناول طعام راقية.,"544 El Geish Road, Al Azarita, Alexandria Governorate",544 طريق الجيش، الأزاريطة، محافظة الإسكندرية,Active,Hotel,Gold,31.2148,29.9138,01/06/2026,31/12/2026,https://www.hilton.com,+2035490935,
SPON-046,Windsor Palace Hotel,فندق وندسور بالاس,A historic seafront hotel with rooftop restaurant offering panoramic views of the Bay of Alexandria.,فندق تاريخي على الواجهة البحرية مع مطعم على السطح يوفر إطلالات بانورامية على خليج الإسكندرية.,"17 Shohada Square, Al Attarin, Alexandria Governorate",17 ميدان الشهداء، العطارين، محافظة الإسكندرية,Active,Hotel,Gold,31.20087,29.8959,01/06/2026,31/12/2026,,+2034808256,
SPON-047,Montazah Beach Club,نادي شاطئ المنتزه,An elegant beachfront venue within the Montazah Gardens offering seaside dining and leisure activities.,مكان ساحلي أنيق داخل حدائق المنتزه يوفر تناول الطعام على شاطئ البحر وأنشطة ترفيهية.,"Montazah Palace Grounds, El Montazah, Alexandria Governorate",أرض قصر المنتزه، المنتزه، محافظة الإسكندرية,Active,Service,Silver,31.2835,30.0226,01/06/2026,31/12/2026,,,
SPON-048,Sky Roof Lounge,سكاي روف لاونج,A rooftop bar and lounge in San Stefano with stunning Mediterranean coast views and a vibrant atmosphere.,بار وصالة على السطح في سان ستيفانو مع إطلالات رائعة على ساحل البحر الأبيض المتوسط وأجواء نابضة بالحياة.,"San Stefano, Al Seyouf, Alexandria Governorate",سان ستيفانو، السيوف، محافظة الإسكندرية,Active,Cafe,Silver,31.2359,29.9721,01/06/2026,31/12/2026,,+2034808700,
SPON-049,Kadmar Travel Egypt,كادمار ترافيل مصر,"A Lufthansa City Center-affiliated travel agency in Alexandria offering premium tours, visa services, and corporate travel.",وكالة سفر تابعة لمراكز مدينة لوفتهانزا في الإسكندرية تقدم جولات متميزة وخدمات التأشيرة والسفر للشركات.,"Sama Towers, Tower B, Semouha, Alexandria Governorate",برج سما، البرج ب، سموحة، محافظة الإسكندرية,Active,TravelAgency,Gold,31.2083,29.9276,01/06/2026,31/12/2026,,+2034843872,
SPON-050,Alex City Travel,أليكس سيتي ترافيل,An Alexandria-based tour operator with over 23 years of experience offering immersive Egypt tours and shore excursions.,مشغل سياحي مقره الإسكندرية يمتلك أكثر من 23 عاماً من الخبرة في تقديم جولات مصر والرحلات البرية.,"Downtown Alexandria, Alexandria Governorate",وسط مدينة الإسكندرية، محافظة الإسكندرية,Active,TravelAgency,Silver,31.2027,29.895,01/06/2026,31/12/2026,https://alexcitytravel.com,,
SPON-051,Round Trip Travel Tours,راوند تريب للسياحة,A renowned Alexandria-headquartered travel management company serving customers since 2003 as an IATA-accredited agent.,شركة إدارة سفر مشهورة مقرها الإسكندرية تخدم العملاء منذ 2003 كوكيل معتمد من الاتحاد الدولي للنقل الجوي.,"El Ibrahimeya, Alexandria Governorate",الإبراهيمية، محافظة الإسكندرية,Active,TravelAgency,Silver,31.2165,29.9281,01/06/2026,31/12/2026,https://roundtriptraveltours.com,+201099844641,
SPON-052,RTS El-Raghy Travel Services,آر تي إس الراغي لخدمات السفر,A highly rated Alexandria travel service offering private and group tours across Egypt with expert English-speaking guides.,خدمة سفر عالية التقييم في الإسكندرية تقدم جولات خاصة وجماعية في مختلف أنحاء مصر مع مرشدين سياحيين محترفين.,Alexandria Governorate,محافظة الإسكندرية,Active,Tour,Silver,31.1999,29.9048,01/06/2026,31/12/2026,,+2034288031,
SPON-053,SEA Lounge San Stefano,سي لاونج سان ستيفانو,A stylish beachfront lounge in San Stefano offering Mediterranean cuisine and cocktails with sea views.,صالة أنيقة على الشاطئ في سان ستيفانو تقدم المأكولات المتوسطية والمشروبات مع إطلالات بحرية.,"San Stefano Grand Plaza, El Geish Road, Alexandria Governorate",سان ستيفانو جراند بلازا، طريق الجيش، محافظة الإسكندرية,Active,Cafe,Gold,31.2362,29.9729,01/06/2026,31/12/2026,,,
SPON-054,Cascada Cafe & Restaurant,كافيه وريستورانت كاسكادا,"A popular cafe and restaurant celebrated for its high-quality coffee, hot chocolate, and friendly staff.",كافيه ومطعم شهير يُشاد به بجودة قهوته العالية والشوكولاته الساخنة وموظفيه الودودين.,"52 Saad Zaghloul St, Al Attarin, Alexandria Governorate",52 شارع سعد زغلول، العطارين، محافظة الإسكندرية,Active,Cafe,Bronze,31.2012,29.8965,01/06/2026,31/12/2026,,+201226167358,
SPON-055,Wings Tours & Nile Cruises,وينجز للجولات ورحلات النيل,"An Alexandria-based tour operator specializing in Nile cruises, airline ticketing, and customized Egypt tour packages.",مشغل سياحي مقره الإسكندرية متخصص في رحلات النيل وتذاكر الطيران وباقات الجولات المصرية المخصصة.,"39b Elobour Buildings, Moustafa Kamel St, Bulkily, Alexandria Governorate",39ب مباني العبور، شارع مصطفى كامل، البلكلي، محافظة الإسكندرية,Active,TravelAgency,Bronze,31.2291,29.9605,01/06/2026,31/12/2026,,+20222618771,
SPON-056,La Guitaih Travel Agency,لا غيتا لوكالة السفر,"A reputable travel agency in Ibrahimeya, Alexandria, offering airline ticketing, hotel booking, and tailored tour services.",وكالة سفر ذات سمعة طيبة في الإبراهيمية بالإسكندرية تقدم تذاكر الطيران وحجز الفنادق وخدمات الجولات المخصصة.,"La Guitaih St, El Ibrahimeya, Alexandria Governorate",شارع لا غيتا، الإبراهيمية، محافظة الإسكندرية,Active,TravelAgency,Bronze,31.2158,29.9264,01/06/2026,31/12/2026,,,
SPON-057,Balbaa Village,قرية بلبع,"A lively entertainment and dining venue near Raml Station, popular among locals for evenings out.",مكان ترفيهي وتناول طعام نابض بالحياة بالقرب من محطة الرمل، يحظى بشعبية بين السكان المحليين.,"Raml Station Area, Al Attarin, Alexandria Governorate",منطقة محطة الرمل، العطارين، محافظة الإسكندرية,Active,Restaurant,Bronze,31.2021,29.8946,01/06/2026,31/12/2026,,+20216941,
SPON-059,Latino Cafe & Restaurant,لاتينو كافيه ومطعم,A cozy Nile-side cafe and restaurant in Dokki offering Latin-inspired dishes alongside Egyptian flavors in a relaxed colorful setting.,كافيه ومطعم دافئ على ضفاف النيل في الدقي يقدم أطباقاً مستوحاة من أمريكا اللاتينية إلى جانب النكهات المصرية.,"106 Nile St, Ad Doqi, Dokki, Giza Governorate 12611",106 شارع النيل، الدقي، محافظة الجيزة 12611,Active,Cafe,Silver,30.0405,31.2129,15/05/2026,10/08/2026,,+201284177773,
SPON-060,Vinni Cafe & Deli,فيني كافيه وديلي,"A cozy and charming cafe in Dokki offering a calm atmosphere, delicious meals, baked goods, and quality coffee.",كافيه ودافئ وساحر في الدقي يوفر أجواءً هادئة ووجبات لذيذة ومخبوزات وقهوة عالية الجودة.,"22 Hendawi St, Ad Doqi, Dokki, Giza Governorate 3753420",22 شارع هندوي، الدقي، محافظة الجيزة 3753420,Active,Cafe,Bronze,30.042,31.2115,15/05/2026,10/08/2026,,+20233355266,
SPON-061,Kadoura Seafood Restaurant,مطعم كدوارة للمأكولات البحرية,"A crowd-favorite seafood restaurant near the Pyramids serving fresh fish, shrimp, calamari, and grilled platters with traditional Egyptian cooking methods.",مطعم مأكولات بحرية محبوب بالقرب من الأهرامات يقدم الأسماك الطازجة والجمبري والكاليماري وأطباق المشويات بأساليب الطهي المصرية التقليدية.,"Nazlet El-Semman, Al Haram, Giza Governorate",نزلة السمان، الهرم، محافظة الجيزة,Active,Restaurant,Silver,29.9754,31.1305,15/05/2026,10/08/2026,,+2035802147,
SPON-062,Bent El-Sultan Restaurant,مطعم بنت السلطان,A serene Nile-view restaurant near the Giza Pyramids offering a diverse menu from burgers and pizzas to gourmet dishes in a charming riverside setting.,مطعم هادئ مطل على النيل بالقرب من أهرامات الجيزة يقدم قائمة متنوعة من البرغر والبيتزا إلى الأطباق الراقية.,"Al Haram, Giza Governorate",الهرم، محافظة الجيزة,Active,Restaurant,Silver,29.9761,31.1318,15/05/2026,10/08/2026,,+201212822011,
SPON-063,Andrea Restaurant Mohandeseen,مطعم أندريا المهندسين,"A popular traditional Egyptian restaurant in Mohandeseen known for its grilled chicken, mezze, and classic Egyptian breakfast dishes.",مطعم مصري تقليدي شهير في المهندسين معروف بالدجاج المشوي والمقبلات وأطباق الفطور المصرية الكلاسيكية.,"Mohandeseen, Giza Governorate",المهندسين، محافظة الجيزة,Active,Restaurant,Silver,30.0582,31.1996,15/05/2026,10/08/2026,,+201007866633,
SPON-064,Sheraton Cairo Hotel & Casino,فندق وكازينو شيراتون القاهرة,"An iconic 5-star hotel in Giza on the banks of the Nile offering luxury rooms, multiple restaurants, a casino, and world-class facilities.",فندق خمس نجوم أيقوني في الجيزة على ضفاف النيل يوفر غرفاً فاخرة ومطاعم متعددة وكازينو ومرافق عالمية المستوى.,"Galaa Square, Dokki, Giza Governorate",ميدان الجلاء، الدقي، محافظة الجيزة,Active,Hotel,Platinum,30.0624,31.2171,15/05/2026,10/08/2026,https://www.marriott.com,+20233369800,
SPON-065,Hyatt Regency Cairo West,هيات ريجنسي القاهرة الغربية,"A premier 5-star hotel in Giza offering panoramic views, upscale dining, a rooftop pool, and easy access to the Giza Pyramids complex.",فندق متميز من فئة خمس نجوم في الجيزة يوفر إطلالات بانورامية ومطاعم فاخرة وحمام سباحة على السطح وسهولة الوصول إلى مجمع أهرامات الجيزة.,"Al Haram, Giza Governorate",الهرم، محافظة الجيزة,Active,Hotel,Platinum,29.9825,31.1283,15/05/2026,10/08/2026,https://www.hyatt.com,+20235369500,
SPON-066,Mövenpick Resort Cairo Pyramids,منتجع موفنبيك القاهرة الأهرام,"A luxurious resort hotel steps away from the Giza Pyramids offering elegant rooms, outdoor pools, and fine dining with pyramid views.",منتجع فندقي فاخر على بُعد خطوات من أهرامات الجيزة يوفر غرفاً أنيقة وحمامات سباحة خارجية ومطاعم راقية مع إطلالات على الأهرامات.,"Alexandria Desert Road, Al Haram, Giza Governorate",طريق الصحراء الإسكندرية، الهرم، محافظة الجيزة,Active,Hotel,Platinum,29.9848,31.1265,15/05/2026,10/08/2026,https://www.movenpick.com,+20238555001,
SPON-067,Steigenberger Pyramids Cairo,شتايجنبرجر بيراميدز القاهرة,"A prestigious hotel near the Giza Pyramids combining modern comfort with classic Egyptian décor, featuring multiple dining venues and a spa.",فندق راقٍ بالقرب من أهرامات الجيزة يجمع بين الراحة الحديثة والديكور المصري الكلاسيكي مع أماكن تناول طعام متعددة وسبا.,"Alexandria Desert Road, Al Haram, Giza Governorate",طريق الصحراء الإسكندرية، الهرم، محافظة الجيزة,Active,Hotel,Gold,29.9855,31.125,15/05/2026,10/08/2026,,+20225993999,
SPON-068,Mena House Hotel,فندق مينا هاوس,"A legendary 5-star heritage hotel situated at the foot of the Giza Pyramids with lush gardens, a pool, and iconic pyramid-view dining.",فندق تراثي أسطوري من فئة خمس نجوم يقع عند قدم أهرامات الجيزة مع حدائق خضراء وحمام سباحة وتناول طعام مع إطلالة على الأهرامات.,"Pyramids Road, Nazlet El-Semman, Al Haram, Giza Governorate",طريق الأهرام، نزلة السمان، الهرم، محافظة الجيزة,Active,Hotel,Platinum,29.9732,31.1317,15/05/2026,10/08/2026,,+20233773222,
SPON-069,Kanzy Hotel Mohandeseen,فندق كنزي المهندسين,A well-located hotel in Mohandeseen offering comfortable rooms and convenient access to Giza's main commercial and dining districts.,فندق ذو موقع ممتاز في المهندسين يوفر غرفاً مريحة وسهولة الوصول إلى المناطق التجارية وأماكن تناول الطعام الرئيسية في الجيزة.,"9 Abou Bakr El Seddik St, Mohandeseen, Giza Governorate",9 شارع أبو بكر الصديق، المهندسين، محافظة الجيزة,Active,Hotel,Silver,30.0593,31.1988,15/05/2026,10/08/2026,,+202233351576,
SPON-070,Here Egypt Tours,هير إيجيبت تورز,"A Giza-based tour operator offering guided excursions to the Pyramids, Sphinx, and other Egyptian heritage sites with expert Egyptologist guides.",مشغل سياحي مقره الجيزة يقدم جولات إرشادية إلى الأهرامات وأبو الهول والمواقع التراثية المصرية الأخرى مع مرشدين من علماء المصريات.,"Al Haram, Giza Governorate",الهرم، محافظة الجيزة,Active,Tour,Bronze,29.9758,31.1306,15/05/2026,10/08/2026,,,
SPON-071,Egypt Tours Portal,بوابة جولات مصر,"A premium Egyptian travel agency specializing in private Pyramids tours, Nile cruises, and full Egypt packages with 5-star hotel accommodation.",وكالة سفر مصرية متميزة متخصصة في جولات الأهرامات الخاصة ورحلات النيل وباقات مصر الكاملة مع إقامة في فنادق خمس نجوم.,"Mohandeseen, Giza Governorate",المهندسين، محافظة الجيزة,Active,TravelAgency,Gold,30.0576,31.1994,15/05/2026,10/08/2026,https://www.egypttoursportal.com,+201004051515,
SPON-073,Visitors Egypt Tours,فيزيتورز إيجيبت تورز,"A Giza-based tour operator providing personalized Pyramids tours, camel rides, and full-day Cairo excursions with professional guides.",مشغل سياحي مقره الجيزة يقدم جولات مخصصة للأهرامات وركوب الجمال ورحلات يوم كامل في القاهرة مع مرشدين محترفين.,"Nazlet El-Semman, Al Haram, Giza Governorate",نزلة السمان، الهرم، محافظة الجيزة,Active,Tour,Bronze,29.9756,31.1302,15/05/2026,10/08/2026,,,
SPON-074,El Tekkia Restaurant,مطعم التكية,"One of Cairo's most famous restaurants serving traditional Egyptian cuisine with a diverse menu of soups, grills, and oriental dishes in a classic setting.",أحد أشهر مطاعم القاهرة يقدم المأكولات المصرية التقليدية بقائمة متنوعة من الشوربات والمشويات والأطباق الشرقية.,"Mohandeseen, Giza Governorate",المهندسين، محافظة الجيزة,Active,Restaurant,Gold,30.0584,31.2001,15/05/2026,10/08/2026,,+201003649675,
SPON-075,Regency Pyramids Hotel,فندق ريجنسي بيراميدز,"A comfortable hotel located directly in front of Mena House, offering pyramid views, spacious rooms, and easy access to the Giza Plateau.",فندق مريح يقع مباشرةً أمام مينا هاوس يوفر إطلالات على الأهرامات وغرف واسعة وسهولة الوصول إلى هضبة الجيزة.,"19 Al Shams St, In Front of Mena House, Kafr Nassar, Giza Governorate",19 شارع الشمس، أمام مينا هاوس، كفر نصار، محافظة الجيزة,Active,Hotel,Silver,29.9735,31.1322,15/05/2026,10/08/2026,,+201097925212,
SPON-077,Careem Egypt,كريم مصر,A popular regional ride-hailing and delivery super-app offering transportation services throughout Giza and the Greater Cairo area.,تطبيق خدمات شامل إقليمي يوفر خدمات النقل والتوصيل في جميع أنحاء الجيزة ومنطقة القاهرة الكبرى.,"Dokki, Giza Governorate",الدقي، محافظة الجيزة,Active,Transportation,Gold,30.041,31.212,15/05/2026,10/08/2026,https://www.careem.com,,
SPON-078,Mount Sinai Sunrise Tour,جولة شروق الشمس جبل موسى,Guided hiking tours to the summit of Mount Sinai for sunrise.,جولات صعود إرشادية لقمة جبل موسى لمشاهدة شروق الشمس.,"St. Catherine, South Sinai Governorate",سانت كاترين، محافظة جنوب سيناء,Active,Tour,Platinum,28.539167,33.974444,15/05/2026,15/11/2026,,+201023456711,sinai.guides@safari.com
SPON-079,Colored Canyon Safari Track,سفاري الوادي الملون نويبع,4x4 safari transport and trekking inside the Colored Canyon.,رحلات سفاري بسيارات 4x4 وتجول داخل الوادي الملون.,"Nuweiba, South Sinai Governorate",نويبع، محافظة جنوب سيناء,Active,Tour,Gold,29.141234,34.542312,20/05/2026,20/11/2026,,+201223948576,nuweiba.safari@desert.eg
SPON-080,Catherine Mountain Lodge,لوج جبل كاترين,Eco-friendly accommodation at the foot of the mountain.,إقامة صديقة للبيئة عند سفح الجبل.,"St. Catherine Town, South Sinai",مدينة سانت كاترين، جنوب سيناء,Active,Hotel,Gold,28.552134,33.951234,01/06/2026,01/06/2027,https://catherinelodge.com,+20693470221,info@catherinelodge.com
SPON-081,Sinai Bedouin Star Camp,كامب نجمة البدو نويبع,Beachfront camp and traditional food near Nuweiba port.,كامب شاطئي ومأكولات بدوية تقليدية بالقرب من ميناء نويبع.,"Nuweiba-Taba Road, South Sinai",طريق نويبع طابا، جنوب سيناء,Active,Hotel,Silver,29.062145,34.661234,15/05/2026,15/05/2027,,+201009876543,bedouinstar@camp.eg
SPON-082,St. Catherine Shuttle Bus,أتوبيس نقل سانت كاترين,Fixed schedules for tourists from Dahab to St. Catherine.,مواعيد ثابتة لنقل السياح من دهب إلى سانت كاترين.,"Dahab Main Bus Station, South Sinai",محطة أتوبيس دهب الرئيسية، جنوب سيناء,Active,Transportation,Silver,28.501234,34.511234,01/06/2026,01/12/2026,,+201114567890,sinai.transit@express.com
SPON-083,Desert Fox Camp & Cafe,كامب ومقهى ثعلب الصحراء,"Rest stop, cafe, and basic lodging for canyon hikers.",استراحة ومقهى وإقامة أساسية للمتنزهين في الوديان.,St. Catherine Protected Area,محمية سانت كاترين، جنوب سيناء,Active,Cafe,Bronze,28.558912,33.941234,10/05/2026,10/08/2026,,+201551234567,
SPON-084,Castle Zaman Restaurant,مطعم قلعة زمان,Fine dining and slow-cooked meals overlooking the gulf.,طعام فاخر ومأكولات مطهية ببطء مطلة على الخليج.,"Taba-Nuweiba Highway, South Sinai",طريق طابا نويبع السريع، جنوب سيناء,Active,Restaurant,Platinum,29.351234,34.801234,15/05/2026,15/05/2027,https://castlezaman.com,+201222131541,management@castlezaman.com
SPON-085,Blue Hole Diving Center,مركز غوص البلو هول,Professional diving guides and gear rental at Blue Hole.,مرشدو غوص محترفون وتأجير معدات في البلو هول.,"Blue Hole Protective Area, Dahab",منطقة البلو هول المحمية، دهب,Active,Service,Gold,28.572123,34.536712,01/06/2026,01/06/2027,,+20693640123,dive@blueholedahab.com
SPON-086,Dahab Canyon Bedouin Guide,دليل البدو لوادي دهب,Local guides specializing in canyon trekking and history.,مرشدون محليون متخصصون في رحلات الوديان وتاريخها.,"Mashraba Street, Dahab, South Sinai",شارع المشربة، دهب، جنوب سيناء,Active,Tour,Bronze,28.498123,34.515432,20/05/2026,20/08/2026,,+201098123456,dahab.trekking@sinai.com
SPON-087,Ali Baba Restaurant Dahab,مطعم علي بابا دهب,Seafood and oriental dishes on the Dahab promenade.,مأكولات بحرية وأطباق شرقية على ممشى دهب.,"El Tourist Promenade, Dahab",الممشى السياحي، دهب، جنوب سيناء,Active,Restaurant,Silver,28.502123,34.520123,15/05/2026,15/11/2026,,+20693641122,alibaba.dahab@gmail.com
SPON-088,Nuweiba Port Transport Hub,مركز نقل ميناء نويبع,Private limousine and van rental for site visits.,تأجير ليموزين وسيارات فان خاصة لزيارة المواقع.,"Port Street, Nuweiba, South Sinai",شارع الميناء، نويبع، جنوب سيناء,Active,Transportation,Silver,28.964512,34.651234,01/06/2026,01/12/2026,,+201287654321,nuweiba.cars@transport.eg
SPON-089,Wadi Gnai Safari Agency,وكالة سفاري وادي قني,Rock climbing and quad biking tours in Wadi Gnai.,جولات تسلق الصخور وبيتش باجي في وادي قني.,"South Dahab Area, South Sinai",منطقة جنوب دهب، جنوب سيناء,Active,TravelAgency,Gold,28.451234,34.461234,25/05/2026,25/11/2026,,+201011223344,gnai.safari@dahab.co
SPON-090,Taba Heights Marina Tours,جولات مارينا طابا هايتس,Boat trips and yacht rentals to Pharaoh's Island.,رحلات بحرية وتأجير يخوت إلى جزيرة فرعون.,"Taba Heights, Resort Area, Taba",طابا هايتس، منطقة المنتجعات، طابا,Active,Tour,Platinum,29.412341,34.891234,01/06/2026,01/06/2027,https://tabaheights.com,+20693580100,marina@tabaheights.com
SPON-091,Pharaoh's Island Boat Service,خدمة مركب جزيرة فرعون,Regular ferry service from the coast to Salah El-Din Citadel.,خدمة عبّارات منتظمة من الساحل إلى قلعة صلاح الدين.,"Taba Coastal Road, Taba",طريق طابا الساحلي، طابا,Active,Transportation,Silver,29.431234,34.912341,15/05/2026,15/11/2026,,+201523451122,pharaoh.ferry@sinai.gov.eg
SPON-092,Yalla Safari Dahab Cafe,مقهى يلا سفاري دهب,Meeting point and cafe for safari groups before trips.,نقطة التقاء ومقهى لمجموعات السفاري قبل الرحلات.,"Lighthouse Area, Dahab, South Sinai",منطقة اللايتهاوس، دهب، جنوب سيناء,Active,Cafe,Bronze,28.506123,34.521234,01/06/2026,01/09/2026,,+201066554433,
SPON-093,Coral Resort Nuweiba,منتجع كورال نويبع,Beach resort providing direct excursions to the canyons.,منتجع شاطئي يوفر رحلات مباشرة إلى الوديان الجبلية.,"Dahab-Nuweiba Highway, Nuweiba",طريق دهب نويبع، نويبع، جنوب سيناء,Active,Hotel,Platinum,29.021234,34.641234,15/05/2026,15/05/2027,https://coralnuweiba.com,+20693520200,reservation@coralnuweiba.com
SPON-094,Sinai Trekking Company,شركة سيناء للترحال,Professional long-distance trekking and mountain logistics.,ترحال طويل المدى محترف ولوجستيات جبلية.,"St. Catherine Center, South Sinai",وسط مدينة سانت كاترين، جنوب سيناء,Active,TravelAgency,Gold,28.555123,33.945123,01/06/2026,01/12/2026,,+201271234567,info@sinaitrekking.com
SPON-095,Everyday Cafe Dahab,إيفري داي كافيه دهب,Popular tourist cafe with seaside seating and Wi-Fi.,مقهى سياحي شهير بجلسات بحرية وشبكة واي فاي.,"Eel Garden Street, Dahab, South Sinai",شارع إيل جاردن، دهب، جنوب سيناء,Active,Cafe,Silver,28.504512,34.521987,20/05/2026,20/11/2026,,+20693640412,everyday@dahab.co
SPON-096,Ras Abu Galum Camel Transit,نقل الجمال محمية أبو جالوم,Bedouin camel transport service from Blue Hole to Abu Galum.,خدمة نقل الجمال البدوية من البلو هول إلى أبو جالوم.,"Blue Hole Track, Dahab",ممشى البلو هول، دهب، جنوب سيناء,Active,Transportation,Bronze,28.612341,34.541234,12/05/2026,12/08/2026,,+201088776655,
SPON-097,Sheikh Moussa Bedouin Camp,كامب الشيخ موسى,Authentic Bedouin hospitality and meals in St. Catherine.,ضيافة ووجبات بدوية أصيلة في سانت كاترين.,"Al-Wadi Area, St. Catherine",منطقة الوادي، سانت كاترين، جنوب سيناء,Active,Hotel,Silver,28.549123,33.942134,18/05/2026,18/05/2027,,+20693470045,moussa.camp@sinai.net
SPON-098,Port Said Canal Cruise,جولة قناة السويس بورسعيد,Scenic boat tours along the historic Suez Canal shipping lane.,جولات بحرية مميزة داخل المجرى الملاحي لقناة السويس التاريخية.,"Palestine Street, Waterfront, Port Said",شارع فلسطين، الممشى السياحي، بورسعيد,Active,Tour,Gold,31.259212,32.311456,25/05/2026,25/11/2026,,+20663224567,canal.tours@portsaid.gov.eg
SPON-099,El-Gondolet Fish Restaurant,مطعم الجندول للأسماك,Famous traditional seafood experience near Port Said lighthouse.,تجربة مأكولات بحرية تقليدية شهيرة بالقرب من فنار بورسعيد.,"Tarh El-Bahr Street, Port Said",شارع طرح البحر، بورسعيد,Active,Restaurant,Silver,31.265412,32.298745,01/06/2026,01/12/2026,,+20663339124,gondolet@ps-seafood.com
SPON-100,Luxor West Bank Ferry,معدية البر الغربي بالأقصر,Regular Nile crossing transport between East and West banks.,خدمة عبّارات نهرية منتظمة بين البر الشرقي والبر الغربي.,"Karnak Temple St Dock, Luxor",مرسى شارع معبد الكرنك، الأقصر,Active,Transportation,Silver,25.701234,32.641234,25/05/2026,25/05/2027,,+201004561234,luxor.ferry@transit.eg
SPON-101,Valley of the Kings Tour Guides,مرشدو وادي الملوك بالأقصر,Certified egyptologists for deep architectural and history tours.,مرشدون أثريون معتمدون لجولات تاريخية ومعمارية عميقة.,"Valley of the Kings Site, West Bank, Luxor",موقع وادي الملوك، البر الغربي، الأقصر,Active,Tour,Platinum,25.740123,32.601456,01/06/2026,01/12/2026,https://luxortours.eg,+201227894561,guides@luxortours.eg
SPON-102,Kato Dool Nubian Resort,منتجع كاتو دول النوبي,Authentic Nubian lodging and cultural heritage experience.,إقامة نوبية أصيلة وتجربة تراثية وثقافية على ضفاف النيل.,"Gharb Soheil Village, Aswan",قرية غرب سهيل، أسوان,Active,Hotel,Platinum,24.058912,32.871234,25/05/2026,25/05/2027,https://katodool.com,+201119001122,info@katodool.com
SPON-103,Philae Island Boat Taxi,فلوكة جزيرة فيلة أسوان,Traditional motorboat transit to Philae Temple island.,خدمة قوارب بمحرك تقليدية للوصول إلى جزيرة معبد فيلة.,"Philae Temple Marina, Shallal, Aswan",مرسى معبد فيلة، الشلال، أسوان,Active,Transportation,Bronze,24.025412,32.889123,20/05/2026,20/11/2026,,+201556789123,
SPON-104,Aswan Nubian House Cafe,مقهى البيت النوبي أسوان,Riverside traditional terrace offering Nubian drinks and music.,تراس تقليدي على النيل يقدم مشروبات وموسيقى نوبية.,"Elephantine Island, Aswan",جزيرة ألفنتين، أسوان,Active,Cafe,Bronze,24.091234,32.892341,01/06/2026,01/09/2026,,+20972314567,
SPON-105,Marsa Alam Diving Safari,سفاري غوص مرسى علم,Deep sea diving trips to Elphinstone and Samadai reefs.,رحلات غوص في أعماق البحر لشعاب إلفينستون وصمداي.,"Marsa Alam Coastal Road, Red Sea",طريق مرسى علم الساحلي، البحر الأحمر,Active,Tour,Platinum,25.064123,34.891234,25/05/2026,25/11/2026,,+201012349876,diving@marsa-safari.com
SPON-106,Wadi El-Gemal Eco Camp,كامب محمية وادي الجمال,Sustainable wilderness camping and desert eco-tours.,تخييم بري مستدام وجولات بيئية في صحراء المحمية.,"Wadi El-Gemal National Park, South Red Sea",محمية وادي الجمال، جنوب البحر الأحمر,Active,Hotel,Gold,24.671234,35.091234,01/06/2026,01/06/2027,https://wadielgemal.org,201284561234,eco@wadielgemal.org
SPON-107,Shalateen Camel Market Guide,دليل سوق جمال شلاتين,Cultural exploration walks through the historic trading hub.,جولات استكشافية ثقافية داخل مركز التجارة التاريخي.,"Main Market Area, Shalateen, Red Sea",منطقة السوق الرئيسية، شلاتين، البحر الأحمر,Active,Service,Bronze,22.083412,36.601234,15/05/2026,15/08/2026,,201521144332,
SPON-108,dramout Damascus,حضرموت الدمشقي,Traditional Yemeni BBQ restaurant in Tanta,مطعم يمني تقليدي في طنطا,"Al Bahr St. at Taha Al-Hakim St, Tanta, Gharbia Governorate",شارع البحر مع شارع طه الحكيم، طنطا (القسم الثاني)، محافظة الغربية,Active,Restaurant,Silver,30.79151,30.99831,01/07/2026,31/12/2026,,01000520345,
SPON-109,Mimi El Khan,مطعم ميمي الخان,Popular grill-house near Sidi Masoud Mosque,مطعم مشويات شعبي بالقرب من مسجد سيدي مسعود,"Behind Mohamed Asaad, Sidi Masoud El Khan St, Tanta, Gharbia Governorate",شارع سيدي مسعود الخان خلف محمد أسعد، طنطا، محافظة الغربية,Active,Restaurant,Bronze,30.78483,31.00088,01/06/2026,30/09/2026,,,
SPON-110,Stereo Restaurant & Café,ستيريو رستورانت وكافيه,International café offering American and Italian cuisine,مقهى دولي يقدم مأكولات أمريكية وإيطالية,"Botros St., Tanta, Gharbia Governorate",شارع بطرس، طنطا، محافظة الغربية,Active,Restaurant,Gold,30.789,30.999,01/04/2026,31/12/2026,stereorestaurant.com,01123840043,
SPON-111,Kamona,كمنه للمشويات,Bedouin barbecue restaurant in Marsa Matrouh,مطعم مشويات بدوية في مرسى مطروح,"El Galaa St. at Alexandria St, Marsa Matrouh, Matrouh Governorate",شارع الجلاء تقاطع شارع الإسكندرية، مرسى مطروح، محافظة مطروح,Active,Restaurant,Silver,31.356,27.237,01/04/2026,31/12/2026,,0464932107,
SPON-112,Talist Siwa,تالست سيوة,Boutique hotel in Siwa Oasis,فندق بوتيكي في واحة سيوة,"Al Maraqi Rd, Siwa, Matrouh Governorate",طريق المراقي، سيوة، محافظة مطروح,Active,Hotel,Gold,29.2,25.516,01/06/2026,31/12/2026,,,
SPON-113,Seliyaa Hotel,سيليا هوتيل,Desert lodge with pool on Marsa Matrouh–Siwa Road,نزل صحراوي مع مسبح على طريق سيوة-مرسى مطروح,"Marsa Matrouh–Siwa Road, Siwa, Matrouh Governorate",طريق مرسى مطروح - سيوة، سيوة، محافظة مطروح,Active,Hotel,Gold,29.197,25.534,01/05/2026,31/12/2026,,,
SPON-114,Sol Y Mar Pioneers,سول واي مار بايونيرز,4-star family resort with pool near El Kharga,منتجع عائلي 4 نجوم مع مسبح بالقرب من الخارجة,"Gamal Abd El Nasser St, El Kharga, New Valley Governorate",شارع جمال عبد الناصر، الخارجة، محافظة الوادي الجديد,Active,Hotel,Gold,25.4449,32.739,01/04/2026,30/09/2026,,,
SPON-115,Qasr El Bagawat Hotel,قصر البجوات,Luxury desert hotel next to Qasr El Bagawat necropolis,فندق فاخر بجانب مقبرة قصر البجوات,"Next to Qasr El Bagawat Necropolis, El Kharga, New Valley Governorate",بجوار مقبرة قصر البجوات، الخارجة، محافظة الوادي الجديد,Active,Hotel,Platinum,25.45,32.744,01/06/2026,30/09/2026,,,
SPON-116,Basata Lodge,باساتا لودج,Small eco-friendly lodge in Kharga Oasis,نزل بيئي صغير في واحة الخارجة,"Kharga Oasis, New Valley Governorate",واحة الخارجة، محافظة الوادي الجديد,Active,Hotel,Bronze,25.445,32.73,01/04/2026,31/12/2026,,,
SPON-117,Oasis Hotel,فندق الواحة,Economy hotel in downtown El Kharga,فندق اقتصادي في مركز مدينة الخارجة,"Downtown El Kharga, New Valley Governorate",وسط مدينة الخارجة، محافظة الوادي الجديد,Active,Hotel,Bronze,25.448,32.742,01/05/2026,31/12/2026,,,
SPON-118,Corallo Sea Food Almaza Bay,كورالو مأكولات بحرية,Mediterranean seafood restaurant by the sea at Almaza Bay,مطعم مأكولات بحرية متوسطية على شاطئ الماظة باي,"Almaza Bay, Marsa Matrouh, Matrouh Governorate",الماظة باي، مرسى مطروح، محافظة مطروح,Active,Restaurant,Silver,31.33,27.21,01/05/2026,31/12/2026,,,
SPON-119,Sofra Middle East Cuisine,مطعم سفرة,Middle-Eastern and Lebanese restaurant at JAZ Almaza Bay Resort,مطعم لبناني شرق أوسطي في منتجع جاز الماظة باي,"Jaz Almaza Bay Resort, Marsa Matrouh, Matrouh Governorate",منتجع جاز الماظة باي، مرسى مطروح، محافظة مطروح,Active,Restaurant,Silver,31.328,27.203,01/05/2026,31/12/2026,,,
SPON-120,Safir Marsa Matrouh Resort,سفير مرسى مطروح,Beachfront resort on Cleopatra Beach in Marsa Matrouh,منتجع ساحلي على شاطئ كليوباترا في مرسى مطروح,"Cleopatra Beach, Marsa Matrouh, Matrouh Governorate",شاطئ كليوباترا، مرسى مطروح، محافظة مطروح,Active,Hotel,Platinum,31.334,27.212,01/05/2026,31/12/2026,safirhotels.com,20464422369,
SPON-121,Zein Restaurant,زين رستورانت,BBQ and kebab eatery on El Nady Street in Tanta,مطعم مشويات وكباب في شارع النادي بطنطا,"El Nady St., Tanta, Gharbia Governorate",شارع النادي، طنطا، محافظة الغربية,Active,Restaurant,Bronze,30.7875,30.999,01/05/2026,31/12/2026,,01006001948,
SPON-122,El Midiaf Restaurant,المضيف,Fast-food restaurant in Tanta,مطعم وجبات سريعة في طنطا,"9 Gamea Gindy St., Tanta, Gharbia Governorate",٩ شارع جمعة جندي، طنطا، محافظة الغربية,Active,Restaurant,Bronze,30.7872,31.0025,01/06/2026,31/12/2026,,0403288815,
SPON-123,The Moto Cafe,ذا موتو كافيه,Italian-style café inside Oruba Mall in Tanta,مقهى إيطالي داخل مول عروبة في طنطا,"Kilo 1 Tanta-Mahalla Road, Oruba Mall, Tanta, Gharbia Governorate",كيلو 1 طريق طنطا-المحلة، داخل مول عروبة، طنطا، محافظة الغربية,Active,Cafe,Silver,30.78,30.98,01/06/2026,30/09/2026,,01281623144,
SPON-124,Siwa Shali Resort,سيوة شالي ريزورت,3-star desert resort in Siwa Oasis,منتجع صحراوي 3 نجوم في واحة سيوة,"Siwa Oasis, Matrouh Governorate",واحة سيوة، محافظة مطروح,Active,Hotel,Silver,29.27,25.514,01/07/2026,31/12/2026,siwashaliresort.com,,info@siwashaliresort.com
SPON-125,Gannat Al-Lohoum BBQ,جنة اللحوم بي بي كيو,BBQ restaurant on Osman Ibn Affan Street in Tanta,مطعم مشويات في شارع عثمان بن عفان بطنطا,"28 Osman Ibn Affan St., Tanta, Gharbia Governorate",28 شارع عثمان بن عفان، طنطا، محافظة الغربية,Active,Restaurant,Bronze,30.7873,31.0012,15/05/2026,15/08/2026,,0403333041,